--////////////////////////////Sucursala

INSERT INTO Sucursala (nume, oras, nume_strada, nr_locatie, nr_telefon, email) 
VALUES ('Central Plaza', 'Bucuresti', 'Calea Victoriei', 10, '0723456789', 'contact@centralplaza.ro');

INSERT INTO Sucursala (nume, oras, nume_strada, nr_locatie, nr_telefon, email) 
VALUES ('North Point', 'Cluj-Napoca', 'Strada Memorandumului', 25, '0734567890', 'info@northpoint.ro');

INSERT INTO Sucursala (nume, oras, nume_strada, nr_locatie, nr_telefon, email) 
VALUES ('South Hub', 'Constanta', 'Bd. Mamaia', 12, '0745678901', 'hello@southhub.ro');

INSERT INTO Sucursala (nume, oras, nume_strada, nr_locatie, nr_telefon, email) 
VALUES ('West Gate', 'Timisoara', 'Strada Republicii', 30, '0756789012', 'support@westgate.ro');

INSERT INTO Sucursala (nume, oras, nume_strada, nr_locatie, nr_telefon, email) 
VALUES ('East Side', 'Iasi', 'Strada Pacurari', 5, '0767890123', 'sales@eastside.ro');

INSERT INTO Sucursala (nume, oras, nume_strada, nr_locatie, nr_telefon, email) 
VALUES ('Downtown', 'Sibiu', 'Piata Mare', 1, '0778901234', 'downtown@sibiu.ro');

INSERT INTO Sucursala (nume, oras, nume_strada, nr_locatie, nr_telefon, email) 
VALUES ('Hilltop', 'Brasov', 'Strada Muncii', 14, '0789012345', 'hilltop@brasov.ro');

INSERT INTO Sucursala (nume, oras, nume_strada, nr_locatie, nr_telefon, email) 
VALUES ('Greenfield', 'Oradea', 'Strada Independentei', 22, '0790123456', 'greenfield@oradea.ro');

INSERT INTO Sucursala (nume, oras, nume_strada, nr_locatie, nr_telefon, email) 
VALUES ('Skyline', 'Craiova', 'Strada Unirii', 8, '0712345678', 'skyline@craiova.ro');

INSERT INTO Sucursala (nume, oras, nume_strada, nr_locatie, nr_telefon, email) 
VALUES ('Valley Center', 'Targu Mures', 'Strada Avram Iancu', 18, '0721234567', 'valleycenter@mures.ro');

INSERT INTO Sucursala (nume, oras, nume_strada, nr_locatie, nr_telefon, email) 
VALUES ('South Hub', 'Constanta', 'Bd. Mamaia', 12, '0745678991', 'hello@southhub.ro');

INSERT INTO Sucursala (nume, oras, nume_strada, nr_locatie, nr_telefon, email) 
VALUES ('West Gate', 'Timisoara', 'Strada Republicii', 30, '0756789312', 'support@westgate.ro');

INSERT INTO Sucursala (nume, oras, nume_strada, nr_locatie, nr_telefon, email) 
VALUES ('East Side', 'Iasi', 'Strada Pacurari', 5, '0766899123', 'sales@eastside.ro');

INSERT INTO Sucursala (nume, oras, nume_strada, nr_locatie, nr_telefon, email) 
VALUES ('Downtown', 'Sibiu', 'Piata Mare', 1, '0778901334', 'downtown@sibiu.ro');

INSERT INTO Sucursala (nume, oras, nume_strada, nr_locatie, nr_telefon, email) 
VALUES ('Hilltop', 'Brasov', 'Strada Muncii', 14, '0789032345', 'hilltop@brasov.ro');

INSERT INTO Sucursala (nume, oras, nume_strada, nr_locatie, nr_telefon, email) 
VALUES ('Greenfield', 'Oradea', 'Strada Independentei', 22, '0720123456', 'greenfield@oradea.ro');

INSERT INTO Sucursala (nume, oras, nume_strada, nr_locatie, nr_telefon, email) 
VALUES ('Skyline', 'Craiova', 'Strada Unirii', 8, '0712345679', 'skyline@craiova.ro');

INSERT INTO Sucursala (nume, oras, nume_strada, nr_locatie, nr_telefon, email) 
VALUES ('Valley Center', 'Targu Mures', 'Strada Avram Iancu', 18, '0722234567', 'valleycenter@mures.ro');

INSERT INTO Sucursala (nume, oras, nume_strada, nr_locatie, nr_telefon, email) 
VALUES ('Liberty Mall', 'Bucuresti', 'Bulevardul Timisoara', 15, '0745001234', 'contact@libertymall.ro');

INSERT INTO Sucursala (nume, oras, nume_strada, nr_locatie, nr_telefon, email) 
VALUES ('Metro Plaza', 'Iasi', 'Calea Mosilor', 18, '0756002345', 'info@metroplaza.ro');

INSERT INTO Sucursala (nume, oras, nume_strada, nr_locatie, nr_telefon, email) 
VALUES ('Park Square', 'Cluj-Napoca', 'Strada Aurel Vlaicu', 23, '0747003456', 'contact@parksquare.ro');

INSERT INTO Sucursala (nume, oras, nume_strada, nr_locatie, nr_telefon, email) 
VALUES ('City Mall', 'Constanta', 'Bulevardul Mamaia', 5, '0738004567', 'info@citymall.ro');

INSERT INTO Sucursala (nume, oras, nume_strada, nr_locatie, nr_telefon, email) 
VALUES ('Riverside', 'Timisoara', 'Calea Aradului', 32, '0744005678', 'contact@riverside.ro');

INSERT INTO Sucursala (nume, oras, nume_strada, nr_locatie, nr_telefon, email) 
VALUES ('Golden Tower', 'Brasov', 'Strada Lunga', 10, '0755006789', 'info@goldentower.ro');

INSERT INTO Sucursala (nume, oras, nume_strada, nr_locatie, nr_telefon, email) 
VALUES ('Blue Horizon', 'Oradea', 'Strada Independentei', 50, '0766007890', 'contact@bluehorizon.ro');

INSERT INTO Sucursala (nume, oras, nume_strada, nr_locatie, nr_telefon, email) 
VALUES ('Sunset Plaza', 'Sibiu', 'Piata Mare', 4, '0777008901', 'info@sunsetplaza.ro');

INSERT INTO Sucursala (nume, oras, nume_strada, nr_locatie, nr_telefon, email) 
VALUES ('Sky Plaza', 'Craiova', 'Strada Unirii', 12, '0788009012', 'contact@skyplaza.ro');

INSERT INTO Sucursala (nume, oras, nume_strada, nr_locatie, nr_telefon, email) 
VALUES ('Oceanic Center', 'Targu Mures', 'Strada Avram Iancu', 22, '0799000123', 'contact@oceaniccenter.ro');

INSERT INTO Sucursala (nume, oras, nume_strada, nr_locatie, nr_telefon, email) 
VALUES ('Galaxy Mall', 'Bucuresti', 'Strada Berceni', 21, '0732109876', 'contact@galaxymall.ro');

INSERT INTO Sucursala (nume, oras, nume_strada, nr_locatie, nr_telefon, email) 
VALUES ('Sunshine Plaza', 'Cluj-Napoca', 'Strada Avram Iancu', 7, '0743123456', 'info@sunshineplaza.ro');

INSERT INTO Sucursala (nume, oras, nume_strada, nr_locatie, nr_telefon, email) 
VALUES ('Sky Tower', 'Timisoara', 'Bulevardul Eroilor', 16, '0736456789', 'contact@skytower.ro');

INSERT INTO Sucursala (nume, oras, nume_strada, nr_locatie, nr_telefon, email) 
VALUES ('Centrul Vechi', 'Bucuresti', 'Strada Lipscani', 2, '0723556789', 'info@centrulvechi.ro');

INSERT INTO Sucursala (nume, oras, nume_strada, nr_locatie, nr_telefon, email) 
VALUES ('Diamond Plaza', 'Iasi', 'Strada Stefan Cel Mare', 28, '0754345678', 'contact@diamondplaza.ro');

INSERT INTO Sucursala (nume, oras, nume_strada, nr_locatie, nr_telefon, email) 
VALUES ('Lakeside Mall', 'Brasov', 'Strada Castelului', 5, '0741234567', 'info@lakesidemall.ro');

INSERT INTO Sucursala (nume, oras, nume_strada, nr_locatie, nr_telefon, email) 
VALUES ('Downtown Square', 'Cluj-Napoca', 'Strada Mo?ilor', 3, '0762123456', 'contact@downtownsquare.ro');

INSERT INTO Sucursala (nume, oras, nume_strada, nr_locatie, nr_telefon, email) 
VALUES ('Palm Plaza', 'Constanta', 'Strada Alexandru Lapu?neanu', 40, '0783567890', 'info@palmplaza.ro');

INSERT INTO Sucursala (nume, oras, nume_strada, nr_locatie, nr_telefon, email) 
VALUES ('Ocean Mall', 'Sibiu', 'Bulevardul Mihai Viteazu', 11, '0744788999', 'contact@oceanmall.ro');

INSERT INTO Sucursala (nume, oras, nume_strada, nr_locatie, nr_telefon, email) 
VALUES ('City Park', 'Oradea', 'Strada Ogorului', 29, '0753456789', 'info@citypark.ro');

INSERT INTO Sucursala (nume, oras, nume_strada, nr_locatie, nr_telefon, email) 
VALUES ('Green Mall', 'Targu Mures', 'Strada Tudor Vladimirescu', 12, '0765567890', 'contact@greenmall.ro');

INSERT INTO Sucursala (nume, oras, nume_strada, nr_locatie, nr_telefon, email) 
VALUES ('Blue Sky', 'Bucuresti', 'Strada Dimitrie Cantemir', 30, '0723890123', 'info@bluesky.ro');

INSERT INTO Sucursala (nume, oras, nume_strada, nr_locatie, nr_telefon, email) 
VALUES ('Sunrise Plaza', 'Cluj-Napoca', 'Strada Emil Racovita', 24, '0744123456', 'contact@sunriseplaza.ro');

INSERT INTO Sucursala (nume, oras, nume_strada, nr_locatie, nr_telefon, email) 
VALUES ('Riverfront', 'Iasi', 'Strada Pacurari', 16, '0756234567', 'info@riverfront.ro');

INSERT INTO Sucursala (nume, oras, nume_strada, nr_locatie, nr_telefon, email) 
VALUES ('Park Plaza', 'Brasov', 'Strada Rasaritului', 22, '0767345678', 'contact@parkplaza.ro');

INSERT INTO Sucursala (nume, oras, nume_strada, nr_locatie, nr_telefon, email) 
VALUES ('Metro City', 'Cluj-Napoca', 'Bulevardul 21 Decembrie', 35, '0788456789', 'info@metrocity.ro');

--/////////////////////////////Curier

INSERT INTO Curier (id_sucursala, nume, prenume, nr_telefon, cnp, salariu, data_angajare)
VALUES (1, 'Gheorghe', 'Andrei', '0723456789', '1980506123456', 3500, TO_DATE('2020-06-15', 'YYYY-MM-DD'));

INSERT INTO Curier (id_sucursala, nume, prenume, nr_telefon, cnp, salariu, data_angajare)
VALUES (1, 'Marin', 'Ioana', '0734567890', '2951013123456', 3700, TO_DATE('2019-09-13', 'YYYY-MM-DD'));

INSERT INTO Curier (id_sucursala, nume, prenume, nr_telefon, cnp, salariu, data_angajare)
VALUES (2, 'Ionescu', 'Alina', '0745678901', '2980703123456', 3600, TO_DATE('2020-01-15', 'YYYY-MM-DD'));

INSERT INTO Curier (id_sucursala, nume, prenume, nr_telefon, cnp, salariu, data_angajare)
VALUES (2, 'Sergiu', 'Maria', '0756789012', '6951102123456', 3550, TO_DATE('2021-03-07', 'YYYY-MM-DD'));

INSERT INTO Curier (id_sucursala, nume, prenume, nr_telefon, cnp, salariu, data_angajare)
VALUES (3, 'Albu', 'Stefan', '0767890123', '1920312123456', 3400, TO_DATE('2020-11-18', 'YYYY-MM-DD'));

INSERT INTO Curier (id_sucursala, nume, prenume, nr_telefon, cnp, salariu, data_angajare)
VALUES (3, 'Radu', 'Cristina', '0778901234', '6950802123456', 3500, TO_DATE('2021-07-19', 'YYYY-MM-DD'));

INSERT INTO Curier (id_sucursala, nume, prenume, nr_telefon, cnp, salariu, data_angajare)
VALUES (1, 'Popescu', 'Vasile', '0722345679', '1980507123457', 3500, TO_DATE('2020-01-01', 'YYYY-MM-DD'));

INSERT INTO Curier (id_sucursala, nume, prenume, nr_telefon, cnp, salariu, data_angajare)
VALUES (1, 'Mihaila', 'Lucian', '0733456789', '1951023123457', 3600, TO_DATE('2020-06-12', 'YYYY-MM-DD'));

INSERT INTO Curier (id_sucursala, nume, prenume, nr_telefon, cnp, salariu, data_angajare)
VALUES (1, 'Vasile', 'Ioan', '0744567890', '1951034123457', 3400, TO_DATE('2019-07-20', 'YYYY-MM-DD'));

INSERT INTO Curier (id_sucursala, nume, prenume, nr_telefon, cnp, salariu, data_angajare)
VALUES (1, 'Tudor', 'Gheorghe', '0755678901', '5951045123457', 3550, TO_DATE('2020-09-08', 'YYYY-MM-DD'));

INSERT INTO Curier (id_sucursala, nume, prenume, nr_telefon, cnp, salariu, data_angajare)
VALUES (1, 'Costea', 'Marian', '0766789012', '5951056123457', 3700, TO_DATE('2021-05-11', 'YYYY-MM-DD'));

INSERT INTO Curier (id_sucursala, nume, prenume, nr_telefon, cnp, salariu, data_angajare)
VALUES (2, 'Ionescu', 'Andrei', '0741958951', '1980106123455', 3600, TO_DATE('2020-04-05', 'YYYY-MM-DD'));

INSERT INTO Curier (id_sucursala, nume, prenume, nr_telefon, cnp, salariu, data_angajare)
VALUES (2, 'Stefan', 'Laura', '0756789014', '6951067123457', 3550, TO_DATE('2019-11-10', 'YYYY-MM-DD'));

INSERT INTO Curier (id_sucursala, nume, prenume, nr_telefon, cnp, salariu, data_angajare)
VALUES (2, 'Pavel', 'Diana', '0767891523', '2951078123457', 3400, TO_DATE('2021-01-22', 'YYYY-MM-DD'));

INSERT INTO Curier (id_sucursala, nume, prenume, nr_telefon, cnp, salariu, data_angajare)
VALUES (2, 'Gheorghe', 'Lucia', '0778231234', '6951089123457', 3500, TO_DATE('2020-02-15', 'YYYY-MM-DD'));

INSERT INTO Curier (id_sucursala, nume, prenume, nr_telefon, cnp, salariu, data_angajare)
VALUES (2, 'Radu', 'Mircea', '0789012345', '5951090123457', 3600, TO_DATE('2020-10-25', 'YYYY-MM-DD'));

INSERT INTO Curier (id_sucursala, nume, prenume, nr_telefon, cnp, salariu, data_angajare)
VALUES (3, 'Costache', 'Ion', '0790123456', '1980517123458', 3500, TO_DATE('2020-07-14', 'YYYY-MM-DD'));

INSERT INTO Curier (id_sucursala, nume, prenume, nr_telefon, cnp, salariu, data_angajare)
VALUES (3, 'Iulian', 'Florin', '0712343678', '5951101123457', 3550, TO_DATE('2019-12-01', 'YYYY-MM-DD'));

INSERT INTO Curier (id_sucursala, nume, prenume, nr_telefon, cnp, salariu, data_angajare)
VALUES (3, 'Chirila', 'Ana', '0723456783', '6951112123457', 3400, TO_DATE('2021-02-28', 'YYYY-MM-DD'));

INSERT INTO Curier (id_sucursala, nume, prenume, nr_telefon, cnp, salariu, data_angajare)
VALUES (3, 'Stoica', 'Mihai', '0734567896', '5951123123457', 3600, TO_DATE('2020-09-15', 'YYYY-MM-DD'));

INSERT INTO Curier (id_sucursala, nume, prenume, nr_telefon, cnp, salariu, data_angajare)
VALUES (3, 'Marin', 'Cosmin', '0745678906', '1951134123457', 3550, TO_DATE('2021-03-22', 'YYYY-MM-DD'));

INSERT INTO Curier (id_sucursala, nume, prenume, nr_telefon, cnp, salariu, data_angajare)
VALUES (4, 'Popa', 'Loredana', '0756789112', '2951145123457', 3500, TO_DATE('2019-06-12', 'YYYY-MM-DD'));

INSERT INTO Curier (id_sucursala, nume, prenume, nr_telefon, cnp, salariu, data_angajare)
VALUES (4, 'Munteanu', 'Alina', '0767490123', '2951156123457', 3400, TO_DATE('2020-08-05', 'YYYY-MM-DD'));

INSERT INTO Curier (id_sucursala, nume, prenume, nr_telefon, cnp, salariu, data_angajare)
VALUES (4, 'Chiriac', 'Ion', '0778901254', '5951167123457', 3550, TO_DATE('2021-01-30', 'YYYY-MM-DD'));

INSERT INTO Curier (id_sucursala, nume, prenume, nr_telefon, cnp, salariu, data_angajare)
VALUES (4, 'Marian', 'Florin', '0789082345', '1951178123457', 3600, TO_DATE('2020-04-10', 'YYYY-MM-DD'));

INSERT INTO Curier (id_sucursala, nume, prenume, nr_telefon, cnp, salariu, data_angajare)
VALUES (4, 'Petrescu', 'Diana', '0791123456', '2951189123457', 3500, TO_DATE('2021-07-12', 'YYYY-MM-DD'));

INSERT INTO Curier (id_sucursala, nume, prenume, nr_telefon, cnp, salariu, data_angajare)
VALUES (5, 'Iliescu', 'Alexandru', '0722345678', '1951190123457', 3600, TO_DATE('2020-05-17', 'YYYY-MM-DD'));

INSERT INTO Curier (id_sucursala, nume, prenume, nr_telefon, cnp, salariu, data_angajare)
VALUES (5, 'Stefanescu', 'Irina', '0733456784', '2951201123457', 3500, TO_DATE('2019-12-04', 'YYYY-MM-DD'));

INSERT INTO Curier (id_sucursala, nume, prenume, nr_telefon, cnp, salariu, data_angajare)
VALUES (5, 'Iordache', 'Mihail', '0744565890', '5951212123457', 3550, TO_DATE('2021-06-10', 'YYYY-MM-DD'));

INSERT INTO Curier (id_sucursala, nume, prenume, nr_telefon, cnp, salariu, data_angajare)
VALUES (6, 'Rusu', 'Vlad', '0755671901', '1951223123457', 3400, TO_DATE('2020-03-18', 'YYYY-MM-DD'));

INSERT INTO Curier (id_sucursala, nume, prenume, nr_telefon, cnp, salariu, data_angajare)
VALUES (6, 'Georgescu', 'Alexandra', '0796789012', '6951234123457', 3500, TO_DATE('2020-02-06', 'YYYY-MM-DD'));

INSERT INTO Curier (id_sucursala, nume, prenume, nr_telefon, cnp, salariu, data_angajare)
VALUES (6, 'Constantin', 'Vasile', '0777890123', '5951245123457', 3550, TO_DATE('2021-01-21', 'YYYY-MM-DD'));

INSERT INTO Curier (id_sucursala, nume, prenume, nr_telefon, cnp, salariu, data_angajare)
VALUES (7, 'Cristea', 'Daciana', '0788901234', '2951256123457', 3500, TO_DATE('2019-05-25', 'YYYY-MM-DD'));

INSERT INTO Curier (id_sucursala, nume, prenume, nr_telefon, cnp, salariu, data_angajare)
VALUES (7, 'Mocanu', 'Florina', '0799012345', '2951267123457', 3400, TO_DATE('2021-07-01', 'YYYY-MM-DD'));

INSERT INTO Curier (id_sucursala, nume, prenume, nr_telefon, cnp, salariu, data_angajare)
VALUES (7, 'Petre', 'George', '0720123456', '1951278123457', 3550, TO_DATE('2020-08-19', 'YYYY-MM-DD'));

INSERT INTO Curier (id_sucursala, nume, prenume, nr_telefon, cnp, salariu, data_angajare)
VALUES (8, 'Lazar', 'Ilie', '0731234567', '1951289123457', 3400, TO_DATE('2020-06-07', 'YYYY-MM-DD'));

INSERT INTO Curier (id_sucursala, nume, prenume, nr_telefon, cnp, salariu, data_angajare)
VALUES (8, 'Nistor', 'Alin', '0742345678', '5951290123457', 3500, TO_DATE('2021-03-14', 'YYYY-MM-DD'));

INSERT INTO Curier (id_sucursala, nume, prenume, nr_telefon, cnp, salariu, data_angajare)
VALUES (8, 'Negoita', 'Mihail', '0753456789', '1951301123457', 3550, TO_DATE('2019-12-17', 'YYYY-MM-DD'));

INSERT INTO Curier (id_sucursala, nume, prenume, nr_telefon, cnp, salariu, data_angajare)
VALUES (9, 'Sava', 'Gabriela', '0764567890', '2951312123457', 3400, TO_DATE('2020-04-01', 'YYYY-MM-DD'));

INSERT INTO Curier (id_sucursala, nume, prenume, nr_telefon, cnp, salariu, data_angajare)
VALUES (9, 'Stan', 'Ion', '0775678901', '5951323123457', 3500, TO_DATE('2021-06-22', 'YYYY-MM-DD'));

INSERT INTO Curier (id_sucursala, nume, prenume, nr_telefon, cnp, salariu, data_angajare)
VALUES (9, 'Jianu', 'Marian', '0786789012', '1951334123457', 3550, TO_DATE('2020-09-15', 'YYYY-MM-DD'));

INSERT INTO Curier (id_sucursala, nume, prenume, nr_telefon, cnp, salariu, data_angajare)
VALUES (10, 'Munteanu', 'Cosmin', '0797890123', '1951345123457', 3400, TO_DATE('2021-02-18', 'YYYY-MM-DD'));

INSERT INTO Curier (id_sucursala, nume, prenume, nr_telefon, cnp, salariu, data_angajare)
VALUES (10, 'Roman', 'Alexandra', '0728901234', '2951356123457', 3550, TO_DATE('2019-12-23', 'YYYY-MM-DD'));

INSERT INTO Curier (id_sucursala, nume, prenume, nr_telefon, cnp, salariu, data_angajare)
VALUES (10, 'Barbu', 'Mihai', '0739012345', '5951367123457', 3500, TO_DATE('2020-01-11', 'YYYY-MM-DD'));

INSERT INTO Curier (id_sucursala, nume, prenume, nr_telefon, cnp, salariu, data_angajare)
VALUES (11, 'Marinescu', 'Mihail', '0740123456', '5951378123457', 3550, TO_DATE('2020-03-23', 'YYYY-MM-DD'));

INSERT INTO Curier (id_sucursala, nume, prenume, nr_telefon, cnp, salariu, data_angajare)
VALUES (11, 'Zamfir', 'Petru', '0751234567', '5951389123457', 3400, TO_DATE('2021-07-29', 'YYYY-MM-DD'));

INSERT INTO Curier (id_sucursala, nume, prenume, nr_telefon, cnp, salariu, data_angajare)
VALUES (12, 'Mihail', 'Ion', '0722345638', '1951390123457', 3500, TO_DATE('2020-04-05', 'YYYY-MM-DD'));

INSERT INTO Curier (id_sucursala, nume, prenume, nr_telefon, cnp, salariu, data_angajare)
VALUES (12, 'Vasile', 'Nastase', '0733456189', '1951401123457', 3550, TO_DATE('2021-02-17', 'YYYY-MM-DD'));

INSERT INTO Curier (id_sucursala, nume, prenume, nr_telefon, cnp, salariu, data_angajare)
VALUES (12, 'Popescu', 'Ion', '0712345671', '1990101012345', 3000, TO_DATE('2023-06-15', 'YYYY-MM-DD'));

INSERT INTO Curier (id_sucursala, nume, prenume, nr_telefon, cnp, salariu, data_angajare)
VALUES (13, 'Ionescu', 'Maria', '0723456589', '2985121234567', 2800, TO_DATE('2022-08-23', 'YYYY-MM-DD'));

INSERT INTO Curier (id_sucursala, nume, prenume, nr_telefon, cnp, salariu, data_angajare)
VALUES (14, 'Georgescu', 'Andrei', '0734967899', '1992021123456', 3200, TO_DATE('2021-09-12', 'YYYY-MM-DD'));

INSERT INTO Curier (id_sucursala, nume, prenume, nr_telefon, cnp, salariu, data_angajare)
VALUES (15, 'Vasile', 'Ioana', '0745678000', '2987012134567', 2900, TO_DATE('2020-04-25', 'YYYY-MM-DD'));

INSERT INTO Curier (id_sucursala, nume, prenume, nr_telefon, cnp, salariu, data_angajare)
VALUES (16, 'Dumitru', 'Mihai', '0756000012', '5995100412345', 3100, TO_DATE('2023-01-05', 'YYYY-MM-DD'));

INSERT INTO Curier (id_sucursala, nume, prenume, nr_telefon, cnp, salariu, data_angajare)
VALUES (17, 'Stoica', 'Elena', '0767890423', '6993122512345', 3000, TO_DATE('2022-10-30', 'YYYY-MM-DD'));

INSERT INTO Curier (id_sucursala, nume, prenume, nr_telefon, cnp, salariu, data_angajare)
VALUES (18, 'Marinescu', 'George', '0718901234', '5995061512345', 2800, TO_DATE('2021-05-18', 'YYYY-MM-DD'));

INSERT INTO Curier (id_sucursala, nume, prenume, nr_telefon, cnp, salariu, data_angajare)
VALUES (19, 'Popa', 'Ana', '0739092345', '6990070512345', 2700, TO_DATE('2020-02-10', 'YYYY-MM-DD'));

INSERT INTO Curier (id_sucursala, nume, prenume, nr_telefon, cnp, salariu, data_angajare)
VALUES (20, 'Dima', 'Vasile', '0711123456', '1986031012345', 3400, TO_DATE('2022-03-17', 'YYYY-MM-DD'));

INSERT INTO Curier (id_sucursala, nume, prenume, nr_telefon, cnp, salariu, data_angajare)
VALUES (21, 'Radu', 'Adrian', '0711534567', '5998081712345', 3500, TO_DATE('2021-12-01', 'YYYY-MM-DD'));

INSERT INTO Curier (id_sucursala, nume, prenume, nr_telefon, cnp, salariu, data_angajare)
VALUES (22, 'Petrescu', 'Gabriela', '0717311678', '6992013112345', 3100, TO_DATE('2022-07-21', 'YYYY-MM-DD'));

INSERT INTO Curier (id_sucursala, nume, prenume, nr_telefon, cnp, salariu, data_angajare)
VALUES (23, 'Munteanu', 'Cristian', '0723456721', '1989070912345', 3300, TO_DATE('2023-02-13', 'YYYY-MM-DD'));

INSERT INTO Curier (id_sucursala, nume, prenume, nr_telefon, cnp, salariu, data_angajare)
VALUES (24, 'Tudor', 'Simona', '0734521890', '5990111512345', 3200, TO_DATE('2020-10-05', 'YYYY-MM-DD'));

INSERT INTO Curier (id_sucursala, nume, prenume, nr_telefon, cnp, salariu, data_angajare)
VALUES (25, 'Vlad', 'Florin', '0745678967', '1994070712345', 2900, TO_DATE('2021-04-09', 'YYYY-MM-DD'));

INSERT INTO Curier (id_sucursala, nume, prenume, nr_telefon, cnp, salariu, data_angajare)
VALUES (26, 'Marin', 'Lucian', '0756789015', '1989081512345', 3000, TO_DATE('2022-11-22', 'YYYY-MM-DD'));

INSERT INTO Curier (id_sucursala, nume, prenume, nr_telefon, cnp, salariu, data_angajare)
VALUES (27, 'Neagu', 'Nicoleta', '0767890133', '1991032212345', 2800, TO_DATE('2023-03-18', 'YYYY-MM-DD'));

INSERT INTO Curier (id_sucursala, nume, prenume, nr_telefon, cnp, salariu, data_angajare)
VALUES (28, 'Sava', 'Radu', '0777901234', '5992091612345', 3100, TO_DATE('2021-07-08', 'YYYY-MM-DD'));

INSERT INTO Curier (id_sucursala, nume, prenume, nr_telefon, cnp, salariu, data_angajare)
VALUES (29, 'Sima', 'Monica', '0781012345', '1995011012345', 3200, TO_DATE('2020-01-12', 'YYYY-MM-DD'));

INSERT INTO Curier (id_sucursala, nume, prenume, nr_telefon, cnp, salariu, data_angajare)
VALUES (30, 'Lupu', 'Daniel', '0799123456', '5996111212345', 3300, TO_DATE('2022-06-18', 'YYYY-MM-DD'));

INSERT INTO Curier (id_sucursala, nume, prenume, nr_telefon, cnp, salariu, data_angajare)
VALUES (12, 'Ionescu', 'Petru', '0712345670', '1991092112345', 3400, TO_DATE('2021-09-30', 'YYYY-MM-DD'));

INSERT INTO Curier (id_sucursala, nume, prenume, nr_telefon, cnp, salariu, data_angajare)
VALUES (13, 'Popescu', 'Diana', '0723456781', '5993051812345', 2900, TO_DATE('2022-05-13', 'YYYY-MM-DD'));

INSERT INTO Curier (id_sucursala, nume, prenume, nr_telefon, cnp, salariu, data_angajare)
VALUES (14, 'Toma', 'Stefan', '0734567892', '1992050612345', 3100, TO_DATE('2020-03-19', 'YYYY-MM-DD'));

INSERT INTO Curier (id_sucursala, nume, prenume, nr_telefon, cnp, salariu, data_angajare)
VALUES (15, 'Ciobanu', 'Ioan', '0745678903', '5994080912345', 2800, TO_DATE('2023-04-07', 'YYYY-MM-DD'));

INSERT INTO Curier (id_sucursala, nume, prenume, nr_telefon, cnp, salariu, data_angajare)
VALUES (16, 'Bucur', 'Irina', '0716683015', '6990112012345', 3000, TO_DATE('2021-11-14', 'YYYY-MM-DD'));

INSERT INTO Curier (id_sucursala, nume, prenume, nr_telefon, cnp, salariu, data_angajare)
VALUES (17, 'Dima', 'Florin', '0767890125', '5995072212345', 3200, TO_DATE('2022-12-03', 'YYYY-MM-DD'));

INSERT INTO Curier (id_sucursala, nume, prenume, nr_telefon, cnp, salariu, data_angajare)
VALUES (18, 'Gheorghe', 'Vasile', '0778901236', '1998092512345', 2900, TO_DATE('2020-06-10', 'YYYY-MM-DD'));

INSERT INTO Curier (id_sucursala, nume, prenume, nr_telefon, cnp, salariu, data_angajare)
VALUES (19, 'Mihaila', 'Cosmin', '0789012347', '5992041912345', 3100, TO_DATE('2021-08-26', 'YYYY-MM-DD'));

INSERT INTO Curier (id_sucursala, nume, prenume, nr_telefon, cnp, salariu, data_angajare)
VALUES (20, 'Saramet', 'Mihaela', '0790123458', '6996020612345', 2800, TO_DATE('2022-10-17', 'YYYY-MM-DD'));

INSERT INTO Curier (id_sucursala, nume, prenume, nr_telefon, cnp, salariu, data_angajare)
VALUES (21, 'Iancu', 'Luciana', '0701234569', '6989082212345', 3000, TO_DATE('2021-05-04', 'YYYY-MM-DD'));

--///////////////////////////////Masina
INSERT INTO Masina (serie_sasiu, id_sucursala, nr_inmatriculare, capacitate, stare_masina, marca, model, km_parcursi)
VALUES ('VF1FZ12345678901A', 12, 'CJ12ABC', 1500, 'DISPONIBILA', 'Dacia', 'Logan', 5020);

INSERT INTO Masina (serie_sasiu, id_sucursala, nr_inmatriculare, capacitate, stare_masina, marca, model, km_parcursi)
VALUES ('WVWZZZ12345678902', 13, 'BV13BCD', 1800, 'IN REPARATIE', 'Volkswagen', 'Golf', 13051);

INSERT INTO Masina (serie_sasiu, id_sucursala, nr_inmatriculare, capacitate, stare_masina, marca, model, km_parcursi)
VALUES ('WBAVB12345678903', 14, 'TM14CDE', 2000, 'IN LIVRARE', 'BMW', 'Seria 3', 2567);

INSERT INTO Masina (serie_sasiu, id_sucursala, nr_inmatriculare, capacitate, stare_masina, marca, model, km_parcursi)
VALUES ('WAUZZZ12345678904', 15, 'IS15DEF', 1400, 'NEAUTORIZATA', 'Audi', 'A4', 12594);

INSERT INTO Masina (serie_sasiu, id_sucursala, nr_inmatriculare, capacitate, stare_masina, marca, model, km_parcursi)
VALUES ('VF1BR12345678905', 16, 'GL16EFG', 1600, 'DISPONIBILA', 'Renault', 'Megane', 15124);

INSERT INTO Masina (serie_sasiu, id_sucursala, nr_inmatriculare, capacitate, stare_masina, marca, model, km_parcursi)
VALUES ('WF0AX12345678906', 17, 'AG17FGH', 2200, 'IN REPARATIE', 'Ford', 'Focus', 1030);

INSERT INTO Masina (serie_sasiu, id_sucursala, nr_inmatriculare, capacitate, stare_masina, marca, model, km_parcursi)
VALUES ('JT1BU12345678907', 18, 'BR18GHI', 2000, 'IN LIVRARE', 'Toyota', 'Corolla', 303);

INSERT INTO Masina (serie_sasiu, id_sucursala, nr_inmatriculare, capacitate, stare_masina, marca, model, km_parcursi)
VALUES ('WDD21212345678908', 19, 'PH19HIJ', 1800, 'NEAUTORIZATA', 'Mercedes', 'C-Class', 13040);

INSERT INTO Masina (serie_sasiu, id_sucursala, nr_inmatriculare, capacitate, stare_masina, marca, model, km_parcursi)
VALUES ('VF3LC12345678909', 20, 'DB20IJK', 1600, 'DISPONIBILA', 'Peugeot', '308', 9121);

INSERT INTO Masina (serie_sasiu, id_sucursala, nr_inmatriculare, capacitate, stare_masina, marca, model, km_parcursi)
VALUES ('TMBCX12345678910', 21, 'SV21JKL', 1400, 'IN REPARATIE', 'Skoda', 'Octavia', 12949);

INSERT INTO Masina (serie_sasiu, id_sucursala, nr_inmatriculare, capacitate, stare_masina, marca, model, km_parcursi)
VALUES ('VF1FZ12345678911A', 1, 'B01XYZ', 1500, 'DISPONIBILA', 'Dacia', 'Duster', 6210);

INSERT INTO Masina (serie_sasiu, id_sucursala, nr_inmatriculare, capacitate, stare_masina, marca, model, km_parcursi)
VALUES ('WVWZZZ12345678912', 2, 'CJ02ABC', 1800, 'IN REPARATIE', 'Volkswagen', 'Passat', 14210);

INSERT INTO Masina (serie_sasiu, id_sucursala, nr_inmatriculare, capacitate, stare_masina, marca, model, km_parcursi)
VALUES ('WBAVB12345678913', 3, 'BV03CDE', 2000, 'IN LIVRARE', 'BMW', 'X5', 3210);

INSERT INTO Masina (serie_sasiu, id_sucursala, nr_inmatriculare, capacitate, stare_masina, marca, model, km_parcursi)
VALUES ('WAUZZZ12345678914', 4, 'TM04DEF', 1400, 'NEAUTORIZATA', 'Audi', 'Q5', 18500);

INSERT INTO Masina (serie_sasiu, id_sucursala, nr_inmatriculare, capacitate, stare_masina, marca, model, km_parcursi)
VALUES ('VF1BR12345678915', 5, 'IS05EFG', 1600, 'DISPONIBILA', 'Renault', 'Clio', 7450);

INSERT INTO Masina (serie_sasiu, id_sucursala, nr_inmatriculare, capacitate, stare_masina, marca, model, km_parcursi)
VALUES ('WF0AX12345678916', 1, 'GL06FGH', 2200, 'IN REPARATIE', 'Ford', 'Kuga', 3500);

INSERT INTO Masina (serie_sasiu, id_sucursala, nr_inmatriculare, capacitate, stare_masina, marca, model, km_parcursi)
VALUES ('JT1BU12345678917', 2, 'AG07GHI', 2000, 'IN LIVRARE', 'Toyota', 'RAV4', 1050);

INSERT INTO Masina (serie_sasiu, id_sucursala, nr_inmatriculare, capacitate, stare_masina, marca, model, km_parcursi)
VALUES ('WDD21212345678918', 3, 'BR08HIJ', 1800, 'NEAUTORIZATA', 'Mercedes', 'GLA', 19500);

INSERT INTO Masina (serie_sasiu, id_sucursala, nr_inmatriculare, capacitate, stare_masina, marca, model, km_parcursi)
VALUES ('VF3LC12345678919', 4, 'PH09IJK', 1600, 'DISPONIBILA', 'Peugeot', '2008', 57650);

INSERT INTO Masina (serie_sasiu, id_sucursala, nr_inmatriculare, capacitate, stare_masina, marca, model, km_parcursi)
VALUES ('TMBCX12345678920', 5, 'DB10JKL', 1400, 'IN REPARATIE', 'Skoda', 'Superb', 84556);

INSERT INTO Masina (serie_sasiu, id_sucursala, nr_inmatriculare, capacitate, stare_masina, marca, model, km_parcursi)
VALUES ('VF1FZ12345678921A', 1, 'SV11LMN', 1500, 'DISPONIBILA', 'Dacia', 'Logan', 3106);

INSERT INTO Masina (serie_sasiu, id_sucursala, nr_inmatriculare, capacitate, stare_masina, marca, model, km_parcursi)
VALUES ('WVWZZZ12345678922', 2, 'NT12NOP', 1800, 'IN REPARATIE', 'Volkswagen', 'Tiguan', 9250);

INSERT INTO Masina (serie_sasiu, id_sucursala, nr_inmatriculare, capacitate, stare_masina, marca, model, km_parcursi)
VALUES ('WBAVB12345678923', 3, 'VS13OPQ', 2000, 'IN LIVRARE', 'BMW', 'Seria 7', 4960);

INSERT INTO Masina (serie_sasiu, id_sucursala, nr_inmatriculare, capacitate, stare_masina, marca, model, km_parcursi)
VALUES ('WAUZZZ12345678924', 4, 'GL14PQR', 1400, 'NEAUTORIZATA', 'Audi', 'A3', 10250);

INSERT INTO Masina (serie_sasiu, id_sucursala, nr_inmatriculare, capacitate, stare_masina, marca, model, km_parcursi)
VALUES ('VF1BR12345678925', 5, 'B15QRS', 1600, 'DISPONIBILA', 'Renault', 'Captur', 2988);

INSERT INTO Masina (serie_sasiu, id_sucursala, nr_inmatriculare, capacitate, stare_masina, marca, model, km_parcursi)
VALUES ('WF0AX12345678926', 1, 'CJ16RST', 2200, 'IN REPARATIE', 'Ford', 'Fiesta', 4178);

INSERT INTO Masina (serie_sasiu, id_sucursala, nr_inmatriculare, capacitate, stare_masina, marca, model, km_parcursi)
VALUES ('JT1BU12345678927', 2, 'BV17STU', 2000, 'IN LIVRARE', 'Toyota', 'Yaris', 1306);

INSERT INTO Masina (serie_sasiu, id_sucursala, nr_inmatriculare, capacitate, stare_masina, marca, model, km_parcursi)
VALUES ('WDD21212345678928', 3, 'TM18TUV', 1800, 'NEAUTORIZATA', 'Mercedes', 'E-Class', 15775);

INSERT INTO Masina (serie_sasiu, id_sucursala, nr_inmatriculare, capacitate, stare_masina, marca, model, km_parcursi)
VALUES ('VF3LC12345678929', 4, 'IS19UVW', 1600, 'DISPONIBILA', 'Peugeot', '508', 6207);

INSERT INTO Masina (serie_sasiu, id_sucursala, nr_inmatriculare, capacitate, stare_masina, marca, model, km_parcursi)
VALUES ('TMBCX12345678930', 5, 'PH20VWX', 1400, 'IN REPARATIE', 'Skoda', 'Fabia', 7740);

INSERT INTO Masina (serie_sasiu, id_sucursala, nr_inmatriculare, capacitate, stare_masina, marca, model, km_parcursi)
VALUES ('VF1ABC12345678931', 5, 'B21XYZ', 1500, 'DISPONIBILA', 'Dacia', 'Sandero', 8504);

INSERT INTO Masina (serie_sasiu, id_sucursala, nr_inmatriculare, capacitate, stare_masina, marca, model, km_parcursi)
VALUES ('WVWZZZ12345678932', 6, 'CJ22ABC', 1600, 'IN REPARATIE', 'Volkswagen', 'Golf', 123056);

INSERT INTO Masina (serie_sasiu, id_sucursala, nr_inmatriculare, capacitate, stare_masina, marca, model, km_parcursi)
VALUES ('WBAVB12345678933', 7, 'BV23CDE', 2000, 'IN LIVRARE', 'BMW', 'X1', 8700);

INSERT INTO Masina (serie_sasiu, id_sucursala, nr_inmatriculare, capacitate, stare_masina, marca, model, km_parcursi)
VALUES ('WAUZZZ12345678934', 8, 'TM24DEF', 1400, 'NEAUTORIZATA', 'Audi', 'A1', 1027);

INSERT INTO Masina (serie_sasiu, id_sucursala, nr_inmatriculare, capacitate, stare_masina, marca, model, km_parcursi)
VALUES ('VF1BR12345678935', 9, 'IS25EFG', 1800, 'DISPONIBILA', 'Renault', 'Megane', 64540);

INSERT INTO Masina (serie_sasiu, id_sucursala, nr_inmatriculare, capacitate, stare_masina, marca, model, km_parcursi)
VALUES ('WF0AX12345678936', 10, 'GL26FGH', 2200, 'IN REPARATIE', 'Ford', 'Focus', 9205);

INSERT INTO Masina (serie_sasiu, id_sucursala, nr_inmatriculare, capacitate, stare_masina, marca, model, km_parcursi)
VALUES ('WBAVB12345678953', 7, 'BV43CDE', 2000, 'IN LIVRARE', 'BMW', 'X5', 9203);

INSERT INTO Masina (serie_sasiu, id_sucursala, nr_inmatriculare, capacitate, stare_masina, marca, model, km_parcursi)
VALUES ('WAUZZZ12345678954', 8, 'TM44DEF', 1400, 'NEAUTORIZATA', 'Audi', 'A3', 7840);

--/////////////////////////Document

INSERT INTO Document(serie_sasiu, tip_document, data_emiterii, timp_valabilitate)
VALUES('JT1BU12345678907', 'Certificat de inmatriculare', TO_DATE('2022-02-15', 'YYYY-MM-DD'), 365);

INSERT INTO Document(serie_sasiu, tip_document, data_emiterii, timp_valabilitate)
VALUES('JT1BU12345678907', 'Asigurare auto', TO_DATE('2022-03-10', 'YYYY-MM-DD'), 90);

INSERT INTO Document(serie_sasiu, tip_document, data_emiterii, timp_valabilitate)
VALUES('JT1BU12345678907', 'ITP', TO_DATE('2022-04-05', 'YYYY-MM-DD'), 180);

INSERT INTO Document(serie_sasiu, tip_document, data_emiterii, timp_valabilitate)
VALUES('JT1BU12345678907', 'Rovignieta', TO_DATE('2022-05-01', 'YYYY-MM-DD'), 30);

INSERT INTO Document(serie_sasiu, tip_document, data_emiterii, timp_valabilitate)
VALUES('JT1BU12345678917', 'CIV', TO_DATE('2022-06-10', 'YYYY-MM-DD'), 120);

INSERT INTO Document(serie_sasiu, tip_document, data_emiterii, timp_valabilitate)
VALUES('JT1BU12345678917', 'Certificat de inmatriculare', TO_DATE('2022-07-01', 'YYYY-MM-DD'), 365);

INSERT INTO Document(serie_sasiu, tip_document, data_emiterii, timp_valabilitate)
VALUES('JT1BU12345678917', 'Asigurare auto', TO_DATE('2022-08-20', 'YYYY-MM-DD'), 180);

INSERT INTO Document(serie_sasiu, tip_document, data_emiterii, timp_valabilitate)
VALUES('JT1BU12345678917', 'ITP', TO_DATE('2022-09-10', 'YYYY-MM-DD'), 180);

INSERT INTO Document(serie_sasiu, tip_document, data_emiterii, timp_valabilitate)
VALUES('JT1BU12345678917', 'Rovignieta', TO_DATE('2022-10-05', 'YYYY-MM-DD'), 30);

INSERT INTO Document(serie_sasiu, tip_document, data_emiterii, timp_valabilitate)
VALUES('JT1BU12345678927', 'CIV', TO_DATE('2022-11-01', 'YYYY-MM-DD'), 150);

INSERT INTO Document(serie_sasiu, tip_document, data_emiterii, timp_valabilitate)
VALUES('JT1BU12345678927', 'Certificat de inmatriculare', TO_DATE('2022-12-15', 'YYYY-MM-DD'), 365);

INSERT INTO Document(serie_sasiu, tip_document, data_emiterii, timp_valabilitate)
VALUES('JT1BU12345678927', 'Asigurare auto', TO_DATE('2023-01-10', 'YYYY-MM-DD'), 120);

INSERT INTO Document(serie_sasiu, tip_document, data_emiterii, timp_valabilitate)
VALUES('JT1BU12345678927', 'ITP', TO_DATE('2023-02-05', 'YYYY-MM-DD'), 180);

INSERT INTO Document(serie_sasiu, tip_document, data_emiterii, timp_valabilitate)
VALUES('JT1BU12345678927', 'Rovignieta', TO_DATE('2023-03-01', 'YYYY-MM-DD'), 30);

INSERT INTO Document(serie_sasiu, tip_document, data_emiterii, timp_valabilitate)
VALUES('TMBCX12345678920', 'CIV', TO_DATE('2023-10-01', 'YYYY-MM-DD'), 150);

INSERT INTO Document(serie_sasiu, tip_document, data_emiterii, timp_valabilitate)
VALUES('TMBCX12345678920', 'Certificat de inmatriculare', TO_DATE('2023-11-01', 'YYYY-MM-DD'), 365);

INSERT INTO Document(serie_sasiu, tip_document, data_emiterii, timp_valabilitate)
VALUES('TMBCX12345678920', 'Asigurare auto', TO_DATE('2023-12-01', 'YYYY-MM-DD'), 180);

INSERT INTO Document(serie_sasiu, tip_document, data_emiterii, timp_valabilitate)
VALUES('TMBCX12345678920', 'ITP', TO_DATE('2024-01-01', 'YYYY-MM-DD'), 180);

INSERT INTO Document(serie_sasiu, tip_document, data_emiterii, timp_valabilitate)
VALUES('TMBCX12345678920', 'Rovignieta', TO_DATE('2024-02-01', 'YYYY-MM-DD'), 30);

INSERT INTO Document(serie_sasiu, tip_document, data_emiterii, timp_valabilitate)
VALUES('TMBCX12345678930', 'CIV', TO_DATE('2023-10-15', 'YYYY-MM-DD'), 120);

INSERT INTO Document(serie_sasiu, tip_document, data_emiterii, timp_valabilitate)
VALUES('TMBCX12345678930', 'Certificat de inmatriculare', TO_DATE('2023-11-10', 'YYYY-MM-DD'), 365);

INSERT INTO Document(serie_sasiu, tip_document, data_emiterii, timp_valabilitate)
VALUES('TMBCX12345678930', 'Asigurare auto', TO_DATE('2023-12-05', 'YYYY-MM-DD'), 180);

INSERT INTO Document(serie_sasiu, tip_document, data_emiterii, timp_valabilitate)
VALUES('TMBCX12345678930', 'ITP', TO_DATE('2024-01-15', 'YYYY-MM-DD'), 180);

INSERT INTO Document(serie_sasiu, tip_document, data_emiterii, timp_valabilitate)
VALUES('TMBCX12345678930', 'Rovignieta', TO_DATE('2024-02-20', 'YYYY-MM-DD'), 30);

INSERT INTO Document(serie_sasiu, tip_document, data_emiterii, timp_valabilitate)
VALUES('VF1ABC12345678931', 'CIV', TO_DATE('2023-11-01', 'YYYY-MM-DD'), 150);

INSERT INTO Document(serie_sasiu, tip_document, data_emiterii, timp_valabilitate)
VALUES('VF1ABC12345678931', 'Certificat de inmatriculare', TO_DATE('2023-12-01', 'YYYY-MM-DD'), 365);

INSERT INTO Document(serie_sasiu, tip_document, data_emiterii, timp_valabilitate)
VALUES('VF1ABC12345678931', 'Asigurare auto', TO_DATE('2024-01-10', 'YYYY-MM-DD'), 180);

INSERT INTO Document(serie_sasiu, tip_document, data_emiterii, timp_valabilitate)
VALUES('VF1ABC12345678931', 'ITP', TO_DATE('2024-02-01', 'YYYY-MM-DD'), 180);

INSERT INTO Document(serie_sasiu, tip_document, data_emiterii, timp_valabilitate)
VALUES('VF1ABC12345678931', 'Rovignieta', TO_DATE('2024-03-01', 'YYYY-MM-DD'), 30);

INSERT INTO Document(serie_sasiu, tip_document, data_emiterii, timp_valabilitate)
VALUES('VF1BR12345678905', 'CIV', TO_DATE('2023-08-20', 'YYYY-MM-DD'), 180);

INSERT INTO Document(serie_sasiu, tip_document, data_emiterii, timp_valabilitate)
VALUES('VF1BR12345678905', 'Certificat de inmatriculare', TO_DATE('2023-09-10', 'YYYY-MM-DD'), 365);

INSERT INTO Document(serie_sasiu, tip_document, data_emiterii, timp_valabilitate)
VALUES('VF1BR12345678905', 'Asigurare auto', TO_DATE('2023-10-05', 'YYYY-MM-DD'), 150);

INSERT INTO Document(serie_sasiu, tip_document, data_emiterii, timp_valabilitate)
VALUES('VF1BR12345678905', 'ITP', TO_DATE('2023-11-10', 'YYYY-MM-DD'), 180);

INSERT INTO Document(serie_sasiu, tip_document, data_emiterii, timp_valabilitate)
VALUES('VF1BR12345678905', 'Rovignieta', TO_DATE('2024-01-01', 'YYYY-MM-DD'), 30);

INSERT INTO Document(serie_sasiu, tip_document, data_emiterii, timp_valabilitate)
VALUES('VF1BR12345678915', 'CIV', TO_DATE('2023-09-10', 'YYYY-MM-DD'), 150);

INSERT INTO Document(serie_sasiu, tip_document, data_emiterii, timp_valabilitate)
VALUES('VF1BR12345678915', 'Certificat de inmatriculare', TO_DATE('2023-10-01', 'YYYY-MM-DD'), 365);

INSERT INTO Document(serie_sasiu, tip_document, data_emiterii, timp_valabilitate)
VALUES('VF1BR12345678915', 'Asigurare auto', TO_DATE('2023-11-01', 'YYYY-MM-DD'), 180);

INSERT INTO Document(serie_sasiu, tip_document, data_emiterii, timp_valabilitate)
VALUES('VF1BR12345678915', 'ITP', TO_DATE('2023-12-01', 'YYYY-MM-DD'), 180);

INSERT INTO Document(serie_sasiu, tip_document, data_emiterii, timp_valabilitate)
VALUES('VF1BR12345678915', 'Rovignieta', TO_DATE('2024-01-10', 'YYYY-MM-DD'), 30);

INSERT INTO Document(serie_sasiu, tip_document, data_emiterii, timp_valabilitate)
VALUES('VF1BR12345678925', 'CIV', TO_DATE('2023-08-01', 'YYYY-MM-DD'), 180);

INSERT INTO Document(serie_sasiu, tip_document, data_emiterii, timp_valabilitate)
VALUES('VF1BR12345678925', 'Certificat de inmatriculare', TO_DATE('2023-09-10', 'YYYY-MM-DD'), 365);

INSERT INTO Document(serie_sasiu, tip_document, data_emiterii, timp_valabilitate)
VALUES('VF1BR12345678925', 'Asigurare auto', TO_DATE('2023-10-20', 'YYYY-MM-DD'), 150);

INSERT INTO Document(serie_sasiu, tip_document, data_emiterii, timp_valabilitate)
VALUES('VF1BR12345678925', 'ITP', TO_DATE('2023-11-10', 'YYYY-MM-DD'), 180);

INSERT INTO Document(serie_sasiu, tip_document, data_emiterii, timp_valabilitate)
VALUES('VF1BR12345678925', 'Rovignieta', TO_DATE('2024-01-05', 'YYYY-MM-DD'), 30);

INSERT INTO Document(serie_sasiu, tip_document, data_emiterii, timp_valabilitate)
VALUES('VF1BR12345678935', 'CIV', TO_DATE('2023-09-15', 'YYYY-MM-DD'), 180);

INSERT INTO Document(serie_sasiu, tip_document, data_emiterii, timp_valabilitate)
VALUES('VF1BR12345678935', 'Certificat de inmatriculare', TO_DATE('2023-10-01', 'YYYY-MM-DD'), 365);

INSERT INTO Document(serie_sasiu, tip_document, data_emiterii, timp_valabilitate)
VALUES('VF1BR12345678935', 'Asigurare auto', TO_DATE('2023-11-05', 'YYYY-MM-DD'), 150);

INSERT INTO Document(serie_sasiu, tip_document, data_emiterii, timp_valabilitate)
VALUES('VF1BR12345678935', 'ITP', TO_DATE('2023-12-15', 'YYYY-MM-DD'), 180);

INSERT INTO Document(serie_sasiu, tip_document, data_emiterii, timp_valabilitate)
VALUES('VF1BR12345678935', 'Rovignieta', TO_DATE('2024-01-10', 'YYYY-MM-DD'), 30);

INSERT INTO Document(serie_sasiu, tip_document, data_emiterii, timp_valabilitate)
VALUES('VF1FZ12345678901A', 'CIV', TO_DATE('2023-08-05', 'YYYY-MM-DD'), 150);

INSERT INTO Document(serie_sasiu, tip_document, data_emiterii, timp_valabilitate)
VALUES('VF1FZ12345678901A', 'Certificat de inmatriculare', TO_DATE('2023-09-01', 'YYYY-MM-DD'), 365);

INSERT INTO Document(serie_sasiu, tip_document, data_emiterii, timp_valabilitate)
VALUES('VF1FZ12345678901A', 'Asigurare auto', TO_DATE('2023-10-15', 'YYYY-MM-DD'), 180);

INSERT INTO Document(serie_sasiu, tip_document, data_emiterii, timp_valabilitate)
VALUES('VF1FZ12345678901A', 'ITP', TO_DATE('2023-11-10', 'YYYY-MM-DD'), 180);

INSERT INTO Document(serie_sasiu, tip_document, data_emiterii, timp_valabilitate)
VALUES('VF1FZ12345678901A', 'Rovignieta', TO_DATE('2024-01-01', 'YYYY-MM-DD'), 30);

INSERT INTO Document(serie_sasiu, tip_document, data_emiterii, timp_valabilitate)
VALUES('VF1FZ12345678911A', 'CIV', TO_DATE('2023-08-20', 'YYYY-MM-DD'), 180);

INSERT INTO Document(serie_sasiu, tip_document, data_emiterii, timp_valabilitate)
VALUES('VF1FZ12345678911A', 'Certificat de inmatriculare', TO_DATE('2023-09-15', 'YYYY-MM-DD'), 365);

INSERT INTO Document(serie_sasiu, tip_document, data_emiterii, timp_valabilitate)
VALUES('VF1FZ12345678911A', 'Asigurare auto', TO_DATE('2023-10-05', 'YYYY-MM-DD'), 150);

INSERT INTO Document(serie_sasiu, tip_document, data_emiterii, timp_valabilitate)
VALUES('VF1FZ12345678911A', 'ITP', TO_DATE('2023-11-15', 'YYYY-MM-DD'), 180);

INSERT INTO Document(serie_sasiu, tip_document, data_emiterii, timp_valabilitate)
VALUES('VF1FZ12345678911A', 'Rovignieta', TO_DATE('2024-01-10', 'YYYY-MM-DD'), 30);

INSERT INTO Document(serie_sasiu, tip_document, data_emiterii, timp_valabilitate)
VALUES('VF1FZ12345678921A', 'CIV', TO_DATE('2023-09-01', 'YYYY-MM-DD'), 150);

INSERT INTO Document(serie_sasiu, tip_document, data_emiterii, timp_valabilitate)
VALUES('VF1FZ12345678921A', 'Certificat de inmatriculare', TO_DATE('2023-09-25', 'YYYY-MM-DD'), 365);

INSERT INTO Document(serie_sasiu, tip_document, data_emiterii, timp_valabilitate)
VALUES('VF1FZ12345678921A', 'Asigurare auto', TO_DATE('2023-10-10', 'YYYY-MM-DD'), 180);

INSERT INTO Document(serie_sasiu, tip_document, data_emiterii, timp_valabilitate)
VALUES('VF1FZ12345678921A', 'ITP', TO_DATE('2023-11-20', 'YYYY-MM-DD'), 180);

INSERT INTO Document(serie_sasiu, tip_document, data_emiterii, timp_valabilitate)
VALUES('VF1FZ12345678921A', 'Rovignieta', TO_DATE('2024-01-15', 'YYYY-MM-DD'), 30);

INSERT INTO Document(serie_sasiu, tip_document, data_emiterii, timp_valabilitate)
VALUES('VF3LC12345678909', 'CIV', TO_DATE('2023-07-15', 'YYYY-MM-DD'), 180);

INSERT INTO Document(serie_sasiu, tip_document, data_emiterii, timp_valabilitate)
VALUES('VF3LC12345678909', 'Certificat de inmatriculare', TO_DATE('2023-08-10', 'YYYY-MM-DD'), 365);

INSERT INTO Document(serie_sasiu, tip_document, data_emiterii, timp_valabilitate)
VALUES('VF3LC12345678909', 'Asigurare auto', TO_DATE('2023-09-05', 'YYYY-MM-DD'), 150);

INSERT INTO Document(serie_sasiu, tip_document, data_emiterii, timp_valabilitate)
VALUES('VF3LC12345678909', 'ITP', TO_DATE('2023-10-15', 'YYYY-MM-DD'), 180);

INSERT INTO Document(serie_sasiu, tip_document, data_emiterii, timp_valabilitate)
VALUES('VF3LC12345678909', 'Rovignieta', TO_DATE('2024-01-05', 'YYYY-MM-DD'), 30);

INSERT INTO Document(serie_sasiu, tip_document, data_emiterii, timp_valabilitate)
VALUES('VF3LC12345678919', 'CIV', TO_DATE('2023-08-05', 'YYYY-MM-DD'), 150);

INSERT INTO Document(serie_sasiu, tip_document, data_emiterii, timp_valabilitate)
VALUES('VF3LC12345678919', 'Certificat de inmatriculare', TO_DATE('2023-09-01', 'YYYY-MM-DD'), 365);

INSERT INTO Document(serie_sasiu, tip_document, data_emiterii, timp_valabilitate)
VALUES('VF3LC12345678919', 'Asigurare auto', TO_DATE('2023-09-15', 'YYYY-MM-DD'), 180);

INSERT INTO Document(serie_sasiu, tip_document, data_emiterii, timp_valabilitate)
VALUES('VF3LC12345678919', 'ITP', TO_DATE('2023-10-10', 'YYYY-MM-DD'), 180);

INSERT INTO Document(serie_sasiu, tip_document, data_emiterii, timp_valabilitate)
VALUES('VF3LC12345678919', 'Rovignieta', TO_DATE('2024-02-01', 'YYYY-MM-DD'), 30);

INSERT INTO Document(serie_sasiu, tip_document, data_emiterii, timp_valabilitate)
VALUES('VF3LC12345678929', 'CIV', TO_DATE('2023-10-01', 'YYYY-MM-DD'), 180);

INSERT INTO Document(serie_sasiu, tip_document, data_emiterii, timp_valabilitate)
VALUES('VF3LC12345678929', 'Certificat de inmatriculare', TO_DATE('2023-11-01', 'YYYY-MM-DD'), 365);

INSERT INTO Document(serie_sasiu, tip_document, data_emiterii, timp_valabilitate)
VALUES('VF3LC12345678929', 'Asigurare auto', TO_DATE('2023-12-10', 'YYYY-MM-DD'), 150);

INSERT INTO Document(serie_sasiu, tip_document, data_emiterii, timp_valabilitate)
VALUES('VF3LC12345678929', 'ITP', TO_DATE('2024-01-01', 'YYYY-MM-DD'), 180);

INSERT INTO Document(serie_sasiu, tip_document, data_emiterii, timp_valabilitate)
VALUES('VF3LC12345678929', 'Rovignieta', TO_DATE('2024-02-20', 'YYYY-MM-DD'), 30);

INSERT INTO Document(serie_sasiu, tip_document, data_emiterii, timp_valabilitate)
VALUES('WAUZZZ12345678904', 'CIV', TO_DATE('2023-06-15', 'YYYY-MM-DD'), 180);

INSERT INTO Document(serie_sasiu, tip_document, data_emiterii, timp_valabilitate)
VALUES('WAUZZZ12345678904', 'Certificat de inmatriculare', TO_DATE('2023-07-01', 'YYYY-MM-DD'), 365);

INSERT INTO Document(serie_sasiu, tip_document, data_emiterii, timp_valabilitate)
VALUES('WAUZZZ12345678904', 'Asigurare auto', TO_DATE('2023-08-10', 'YYYY-MM-DD'), 150);

INSERT INTO Document(serie_sasiu, tip_document, data_emiterii, timp_valabilitate)
VALUES('WAUZZZ12345678904', 'ITP', TO_DATE('2023-09-05', 'YYYY-MM-DD'), 180);

INSERT INTO Document(serie_sasiu, tip_document, data_emiterii, timp_valabilitate)
VALUES('WAUZZZ12345678904', 'Rovignieta', TO_DATE('2023-10-10', 'YYYY-MM-DD'), 30);

INSERT INTO Document(serie_sasiu, tip_document, data_emiterii, timp_valabilitate)
VALUES('WAUZZZ12345678914', 'CIV', TO_DATE('2023-07-01', 'YYYY-MM-DD'), 150);

INSERT INTO Document(serie_sasiu, tip_document, data_emiterii, timp_valabilitate)
VALUES('WAUZZZ12345678914', 'Certificat de inmatriculare', TO_DATE('2023-08-05', 'YYYY-MM-DD'), 365);

INSERT INTO Document(serie_sasiu, tip_document, data_emiterii, timp_valabilitate)
VALUES('WAUZZZ12345678914', 'Asigurare auto', TO_DATE('2023-09-10', 'YYYY-MM-DD'), 180);

INSERT INTO Document(serie_sasiu, tip_document, data_emiterii, timp_valabilitate)
VALUES('WAUZZZ12345678914', 'ITP', TO_DATE('2023-10-20', 'YYYY-MM-DD'), 180);

INSERT INTO Document(serie_sasiu, tip_document, data_emiterii, timp_valabilitate)
VALUES('WAUZZZ12345678914', 'Rovignieta', TO_DATE('2023-11-10', 'YYYY-MM-DD'), 30);

INSERT INTO Document(serie_sasiu, tip_document, data_emiterii, timp_valabilitate)
VALUES('WAUZZZ12345678924', 'CIV', TO_DATE('2023-06-20', 'YYYY-MM-DD'), 180);

INSERT INTO Document(serie_sasiu, tip_document, data_emiterii, timp_valabilitate)
VALUES('WAUZZZ12345678924', 'Certificat de inmatriculare', TO_DATE('2023-07-10', 'YYYY-MM-DD'), 365);

INSERT INTO Document(serie_sasiu, tip_document, data_emiterii, timp_valabilitate)
VALUES('WAUZZZ12345678924', 'Asigurare auto', TO_DATE('2023-08-15', 'YYYY-MM-DD'), 150);

INSERT INTO Document(serie_sasiu, tip_document, data_emiterii, timp_valabilitate)
VALUES('WAUZZZ12345678924', 'ITP', TO_DATE('2023-09-20', 'YYYY-MM-DD'), 180);

INSERT INTO Document(serie_sasiu, tip_document, data_emiterii, timp_valabilitate)
VALUES('WAUZZZ12345678924', 'Rovignieta', TO_DATE('2023-10-05', 'YYYY-MM-DD'), 30);

INSERT INTO Document(serie_sasiu, tip_document, data_emiterii, timp_valabilitate)
VALUES('WAUZZZ12345678934', 'CIV', TO_DATE('2023-07-30', 'YYYY-MM-DD'), 180);

INSERT INTO Document(serie_sasiu, tip_document, data_emiterii, timp_valabilitate)
VALUES('WAUZZZ12345678934', 'Certificat de inmatriculare', TO_DATE('2023-08-25', 'YYYY-MM-DD'), 365);

INSERT INTO Document(serie_sasiu, tip_document, data_emiterii, timp_valabilitate)
VALUES('WAUZZZ12345678934', 'Asigurare auto', TO_DATE('2023-09-25', 'YYYY-MM-DD'), 150);

INSERT INTO Document(serie_sasiu, tip_document, data_emiterii, timp_valabilitate)
VALUES('WAUZZZ12345678934', 'ITP', TO_DATE('2023-10-15', 'YYYY-MM-DD'), 180);

INSERT INTO Document(serie_sasiu, tip_document, data_emiterii, timp_valabilitate)
VALUES('WAUZZZ12345678934', 'Rovignieta', TO_DATE('2023-11-20', 'YYYY-MM-DD'), 30);

INSERT INTO Document(serie_sasiu, tip_document, data_emiterii, timp_valabilitate)
VALUES('WAUZZZ12345678954', 'CIV', TO_DATE('2023-06-25', 'YYYY-MM-DD'), 180);

INSERT INTO Document(serie_sasiu, tip_document, data_emiterii, timp_valabilitate)
VALUES('WAUZZZ12345678954', 'Certificat de inmatriculare', TO_DATE('2023-07-20', 'YYYY-MM-DD'), 365);

INSERT INTO Document(serie_sasiu, tip_document, data_emiterii, timp_valabilitate)
VALUES('WAUZZZ12345678954', 'Asigurare auto', TO_DATE('2023-08-25', 'YYYY-MM-DD'), 150);

INSERT INTO Document(serie_sasiu, tip_document, data_emiterii, timp_valabilitate)
VALUES('WAUZZZ12345678954', 'ITP', TO_DATE('2023-09-30', 'YYYY-MM-DD'), 180);

INSERT INTO Document(serie_sasiu, tip_document, data_emiterii, timp_valabilitate)
VALUES('WAUZZZ12345678954', 'Rovignieta', TO_DATE('2023-11-25', 'YYYY-MM-DD'), 30);

INSERT INTO Document(serie_sasiu, tip_document, data_emiterii, timp_valabilitate)
VALUES('WBAVB12345678903', 'CIV', TO_DATE('2023-09-05', 'YYYY-MM-DD'), 180);

INSERT INTO Document(serie_sasiu, tip_document, data_emiterii, timp_valabilitate)
VALUES('WBAVB12345678903', 'Certificat de inmatriculare', TO_DATE('2023-10-01', 'YYYY-MM-DD'), 365);

INSERT INTO Document(serie_sasiu, tip_document, data_emiterii, timp_valabilitate)
VALUES('WBAVB12345678903', 'Asigurare auto', TO_DATE('2023-11-05', 'YYYY-MM-DD'), 150);

INSERT INTO Document(serie_sasiu, tip_document, data_emiterii, timp_valabilitate)
VALUES('WBAVB12345678903', 'ITP', TO_DATE('2023-12-15', 'YYYY-MM-DD'), 180);

INSERT INTO Document(serie_sasiu, tip_document, data_emiterii, timp_valabilitate)
VALUES('WBAVB12345678903', 'Rovignieta', TO_DATE('2024-01-10', 'YYYY-MM-DD'), 30);

INSERT INTO Document(serie_sasiu, tip_document, data_emiterii, timp_valabilitate)
VALUES('WBAVB12345678913', 'CIV', TO_DATE('2023-08-20', 'YYYY-MM-DD'), 150);

INSERT INTO Document(serie_sasiu, tip_document, data_emiterii, timp_valabilitate)
VALUES('WBAVB12345678913', 'Certificat de inmatriculare', TO_DATE('2023-09-10', 'YYYY-MM-DD'), 365);

INSERT INTO Document(serie_sasiu, tip_document, data_emiterii, timp_valabilitate)
VALUES('WBAVB12345678913', 'Asigurare auto', TO_DATE('2023-10-01', 'YYYY-MM-DD'), 180);

INSERT INTO Document(serie_sasiu, tip_document, data_emiterii, timp_valabilitate)
VALUES('WBAVB12345678913', 'ITP', TO_DATE('2023-11-10', 'YYYY-MM-DD'), 180);

INSERT INTO Document(serie_sasiu, tip_document, data_emiterii, timp_valabilitate)
VALUES('WBAVB12345678913', 'Rovignieta', TO_DATE('2023-12-01', 'YYYY-MM-DD'), 30);

INSERT INTO Document(serie_sasiu, tip_document, data_emiterii, timp_valabilitate)
VALUES('WBAVB12345678923', 'CIV', TO_DATE('2023-09-15', 'YYYY-MM-DD'), 180);

INSERT INTO Document(serie_sasiu, tip_document, data_emiterii, timp_valabilitate)
VALUES('WBAVB12345678923', 'Certificat de inmatriculare', TO_DATE('2023-10-10', 'YYYY-MM-DD'), 365);

INSERT INTO Document(serie_sasiu, tip_document, data_emiterii, timp_valabilitate)
VALUES('WBAVB12345678923', 'Asigurare auto', TO_DATE('2023-11-15', 'YYYY-MM-DD'), 150);

INSERT INTO Document(serie_sasiu, tip_document, data_emiterii, timp_valabilitate)
VALUES('WBAVB12345678923', 'ITP', TO_DATE('2023-12-05', 'YYYY-MM-DD'), 180);

INSERT INTO Document(serie_sasiu, tip_document, data_emiterii, timp_valabilitate)
VALUES('WBAVB12345678923', 'Rovignieta', TO_DATE('2024-01-05', 'YYYY-MM-DD'), 30);

INSERT INTO Document(serie_sasiu, tip_document, data_emiterii, timp_valabilitate)
VALUES('WBAVB12345678933', 'CIV', TO_DATE('2023-10-01', 'YYYY-MM-DD'), 180);

INSERT INTO Document(serie_sasiu, tip_document, data_emiterii, timp_valabilitate)
VALUES('WBAVB12345678933', 'Certificat de inmatriculare', TO_DATE('2023-10-25', 'YYYY-MM-DD'), 365);

INSERT INTO Document(serie_sasiu, tip_document, data_emiterii, timp_valabilitate)
VALUES('WBAVB12345678933', 'Asigurare auto', TO_DATE('2023-11-30', 'YYYY-MM-DD'), 150);

INSERT INTO Document(serie_sasiu, tip_document, data_emiterii, timp_valabilitate)
VALUES('WBAVB12345678933', 'ITP', TO_DATE('2023-12-20', 'YYYY-MM-DD'), 180);

INSERT INTO Document(serie_sasiu, tip_document, data_emiterii, timp_valabilitate)
VALUES('WBAVB12345678933', 'Rovignieta', TO_DATE('2024-01-15', 'YYYY-MM-DD'), 30);

INSERT INTO Document(serie_sasiu, tip_document, data_emiterii, timp_valabilitate)
VALUES('WBAVB12345678953', 'CIV', TO_DATE('2023-08-30', 'YYYY-MM-DD'), 150);

INSERT INTO Document(serie_sasiu, tip_document, data_emiterii, timp_valabilitate)
VALUES('WBAVB12345678953', 'Certificat de inmatriculare', TO_DATE('2023-09-15', 'YYYY-MM-DD'), 365);

INSERT INTO Document(serie_sasiu, tip_document, data_emiterii, timp_valabilitate)
VALUES('WBAVB12345678953', 'Asigurare auto', TO_DATE('2023-10-20', 'YYYY-MM-DD'), 150);

INSERT INTO Document(serie_sasiu, tip_document, data_emiterii, timp_valabilitate)
VALUES('WBAVB12345678953', 'ITP', TO_DATE('2023-11-10', 'YYYY-MM-DD'), 180);

INSERT INTO Document(serie_sasiu, tip_document, data_emiterii, timp_valabilitate)
VALUES('WBAVB12345678953', 'Rovignieta', TO_DATE('2023-12-05', 'YYYY-MM-DD'), 30);

INSERT INTO Document(serie_sasiu, tip_document, data_emiterii, timp_valabilitate)
VALUES('WDD21212345678908', 'CIV', TO_DATE('2023-09-10', 'YYYY-MM-DD'), 180);

INSERT INTO Document(serie_sasiu, tip_document, data_emiterii, timp_valabilitate)
VALUES('WDD21212345678908', 'Certificat de inmatriculare', TO_DATE('2023-10-15', 'YYYY-MM-DD'), 365);

INSERT INTO Document(serie_sasiu, tip_document, data_emiterii, timp_valabilitate)
VALUES('WDD21212345678908', 'Asigurare auto', TO_DATE('2023-11-25', 'YYYY-MM-DD'), 150);

INSERT INTO Document(serie_sasiu, tip_document, data_emiterii, timp_valabilitate)
VALUES('WDD21212345678908', 'ITP', TO_DATE('2023-12-10', 'YYYY-MM-DD'), 180);

INSERT INTO Document(serie_sasiu, tip_document, data_emiterii, timp_valabilitate)
VALUES('WDD21212345678908', 'Rovignieta', TO_DATE('2024-01-05', 'YYYY-MM-DD'), 30);

INSERT INTO Document(serie_sasiu, tip_document, data_emiterii, timp_valabilitate)
VALUES('WDD21212345678918', 'CIV', TO_DATE('2023-07-20', 'YYYY-MM-DD'), 180);

INSERT INTO Document(serie_sasiu, tip_document, data_emiterii, timp_valabilitate)
VALUES('WDD21212345678918', 'Certificat de inmatriculare', TO_DATE('2023-08-15', 'YYYY-MM-DD'), 365);

INSERT INTO Document(serie_sasiu, tip_document, data_emiterii, timp_valabilitate)
VALUES('WDD21212345678918', 'Asigurare auto', TO_DATE('2023-09-05', 'YYYY-MM-DD'), 150);

INSERT INTO Document(serie_sasiu, tip_document, data_emiterii, timp_valabilitate)
VALUES('WDD21212345678918', 'ITP', TO_DATE('2023-10-25', 'YYYY-MM-DD'), 180);

INSERT INTO Document(serie_sasiu, tip_document, data_emiterii, timp_valabilitate)
VALUES('WDD21212345678918', 'Rovignieta', TO_DATE('2023-11-15', 'YYYY-MM-DD'), 30);

INSERT INTO Document(serie_sasiu, tip_document, data_emiterii, timp_valabilitate)
VALUES('WDD21212345678928', 'CIV', TO_DATE('2023-09-25', 'YYYY-MM-DD'), 180);

INSERT INTO Document(serie_sasiu, tip_document, data_emiterii, timp_valabilitate)
VALUES('WDD21212345678928', 'Certificat de inmatriculare', TO_DATE('2023-10-10', 'YYYY-MM-DD'), 365);

INSERT INTO Document(serie_sasiu, tip_document, data_emiterii, timp_valabilitate)
VALUES('WDD21212345678928', 'Asigurare auto', TO_DATE('2023-11-15', 'YYYY-MM-DD'), 150);

INSERT INTO Document(serie_sasiu, tip_document, data_emiterii, timp_valabilitate)
VALUES('WDD21212345678928', 'ITP', TO_DATE('2023-12-05', 'YYYY-MM-DD'), 180);

INSERT INTO Document(serie_sasiu, tip_document, data_emiterii, timp_valabilitate)
VALUES('WDD21212345678928', 'Rovignieta', TO_DATE('2023-12-25', 'YYYY-MM-DD'), 30);

INSERT INTO Document(serie_sasiu, tip_document, data_emiterii, timp_valabilitate)
VALUES('WF0AX12345678926', 'Asigurare auto', TO_DATE('2023-08-15', 'YYYY-MM-DD'), 150);

INSERT INTO Document(serie_sasiu, tip_document, data_emiterii, timp_valabilitate)
VALUES('WVWZZZ12345678902', 'CIV', TO_DATE('2023-07-01', 'YYYY-MM-DD'), 180);

INSERT INTO Document(serie_sasiu, tip_document, data_emiterii, timp_valabilitate)
VALUES('WVWZZZ12345678922', 'Asigurare auto', TO_DATE('2023-09-01', 'YYYY-MM-DD'), 150);

INSERT INTO Document(serie_sasiu, tip_document, data_emiterii, timp_valabilitate)
VALUES('WVWZZZ12345678922', 'ITP', TO_DATE('2024-09-01', 'YYYY-MM-DD'), 50);

INSERT INTO Document(serie_sasiu, tip_document, data_emiterii, timp_valabilitate)
VALUES('WVWZZZ12345678922', 'CIV', TO_DATE('2021-05-02', 'YYYY-MM-DD'), 365);

INSERT INTO Document(serie_sasiu, tip_document, data_emiterii, timp_valabilitate)
VALUES('WVWZZZ12345678902', 'Asigurare auto', TO_DATE('2020-12-04', 'YYYY-MM-DD'), 250);

INSERT INTO Document(serie_sasiu, tip_document, data_emiterii, timp_valabilitate)
VALUES('WVWZZZ12345678902', 'ROVIGNIETA', TO_DATE('2023-09-01', 'YYYY-MM-DD'), 20);

INSERT INTO Document(serie_sasiu, tip_document, data_emiterii, timp_valabilitate)
VALUES('WVWZZZ12345678932', 'Asigurare auto', TO_DATE('2023-09-01', 'YYYY-MM-DD'), 150);

--///////////////////////////////FURNIZOR
INSERT INTO Furnizor (nume, nume_strada, nr_locatie, nr_telefon, email, tip_produse)
VALUES ('ElectroShop', 'Strada Magheru', 12, '0712345678', 'contact@electroshop.ro', 'Electrocasnice');

INSERT INTO Furnizor (nume, nume_strada, nr_locatie, nr_telefon, email, tip_produse)
VALUES ('Casa Mobilei', 'Strada Fabricii', 23, '0734556789', NULL, 'Mobilier');

INSERT INTO Furnizor (nume, nume_strada, nr_locatie, nr_telefon, email, tip_produse)
VALUES ('Tehnic Auto', 'Strada Constructorilor', 5, '0745678901', 'support@tehnicauto.ro', 'Piese auto');

INSERT INTO Furnizor (nume, nume_strada, nr_locatie, nr_telefon, email, tip_produse)
VALUES ('GreenMarket', 'Strada Verde', 8, '0756789012', NULL, 'Produse bio');

INSERT INTO Furnizor (nume, nume_strada, nr_locatie, nr_telefon, email, tip_produse)
VALUES ('Bucuria Sportului', 'Strada Apei', 10, '0734987654', 'info@bucuriasport.ro', 'Echipamente sportive');

INSERT INTO Furnizor (nume, nume_strada, nr_locatie, nr_telefon, email, tip_produse)
VALUES ('TechWorld', 'Strada Electronica', 6, '0745345678', NULL, 'Electronice');

INSERT INTO Furnizor (nume, nume_strada, nr_locatie, nr_telefon, email, tip_produse)
VALUES ('Panza de Paianjen', 'Strada Industriei', 13, '0767890123', 'contact@panza.ro', 'Retele');

INSERT INTO Furnizor (nume, nume_strada, nr_locatie, nr_telefon, email, tip_produse)
VALUES ('FashionStore', 'Strada Modena', 14, '0734123456', NULL, 'Imbracaminte');

INSERT INTO Furnizor (nume, nume_strada, nr_locatie, nr_telefon, email, tip_produse)
VALUES ('AutoTech', 'Strada Dunarii', 9, '0723345678', 'contact@autotech.ro', 'Auto');

INSERT INTO Furnizor (nume, nume_strada, nr_locatie, nr_telefon, email, tip_produse)
VALUES ('Perechea Perfecta', 'Strada Bisericii', 7, '0741122334', NULL, 'Pantofi');

INSERT INTO Furnizor (nume, nume_strada, nr_locatie, nr_telefon, email, tip_produse)
VALUES ('Sportivul', 'Strada Albina', 19, '0756432109', 'contact@sportivul.ro', 'Echipamente sport');

INSERT INTO Furnizor (nume, nume_strada, nr_locatie, nr_telefon, email, tip_produse)
VALUES ('Furnizorul Verde', 'Strada Carpatilor', 1, '0732098765', NULL, 'Produse organice');

INSERT INTO Furnizor (nume, nume_strada, nr_locatie, nr_telefon, email, tip_produse)
VALUES ('Fructul Fermecat', 'Strada Fructelor', 15, '0765432101', 'contact@fructulfermecat.ro', 'Fructe');

INSERT INTO Furnizor (nume, nume_strada, nr_locatie, nr_telefon, email, tip_produse)
VALUES ('Bucuria Casei', 'Strada Lalelelor', 2, '0745890123', 'support@bucuriacasei.ro', 'Decoratiuni');

INSERT INTO Furnizor (nume, nume_strada, nr_locatie, nr_telefon, email, tip_produse)
VALUES ('PapetarieCo', 'Strada Colectivului', 3, '0734678901', NULL, 'Papetarie');

INSERT INTO Furnizor (nume, nume_strada, nr_locatie, nr_telefon, email, tip_produse)
VALUES ('Echipamente Pro', 'Strada Tehnicii', 17, '0745012345', 'contact@echipamentepro.ro', 'Tehnologie');

INSERT INTO Furnizor (nume, nume_strada, nr_locatie, nr_telefon, email, tip_produse)
VALUES ('Viva Bio', 'Strada Naturii', 22, '0765890123', NULL, 'Produse bio');

INSERT INTO Furnizor (nume, nume_strada, nr_locatie, nr_telefon, email, tip_produse)
VALUES ('World Kitchen', 'Strada Garii', 27, '0734896543', 'support@worldkitchen.ro', 'Produse pentru bucatarie');

INSERT INTO Furnizor (nume, nume_strada, nr_locatie, nr_telefon, email, tip_produse)
VALUES ('AutoParts', 'Strada Florilor', 11, '0756123456', 'contact@autoparts.ro', 'Piese auto');

INSERT INTO Furnizor (nume, nume_strada, nr_locatie, nr_telefon, email, tip_produse)
VALUES ('Bucuria Florilor', 'Strada Splaiului', 28, '0767345678', NULL, 'Flori');

INSERT INTO Furnizor (nume, nume_strada, nr_locatie, nr_telefon, email, tip_produse)
VALUES ('GadgetShop', 'Strada Luminita', 4, '0745234567', 'contact@gadgetshop.ro', 'Gadgeturi');

INSERT INTO Furnizor (nume, nume_strada, nr_locatie, nr_telefon, email, tip_produse)
VALUES ('Luminotehnica', 'Strada Stelei', 30, '0723567890', NULL, 'Iluminat');

INSERT INTO Furnizor (nume, nume_strada, nr_locatie, nr_telefon, email, tip_produse)
VALUES ('Mobilier Casa', 'Strada Ion Mihalache', 21, '0765123456', 'office@mobiliercasa.ro', 'Mobilier');

INSERT INTO Furnizor (nume, nume_strada, nr_locatie, nr_telefon, email, tip_produse)
VALUES ('TextilePro', 'Strada Oltului', 12, '0734987254', NULL, 'Textile');

INSERT INTO Furnizor (nume, nume_strada, nr_locatie, nr_telefon, email, tip_produse)
VALUES ('FarmaciePlus', 'Strada Mare', 18, '0758765432', 'info@farmacieplus.ro', 'Produse farmaceutice');

INSERT INTO Furnizor (nume, nume_strada, nr_locatie, nr_telefon, email, tip_produse)
VALUES ('PetShop', 'Strada Animalelor', 20, '0743678901', NULL, 'Produse pentru animale');

INSERT INTO Furnizor (nume, nume_strada, nr_locatie, nr_telefon, email, tip_produse)
VALUES ('CaffeCaffee', 'Strada Lunga', 9, '0734567891', 'contact@caffecaffee.ro', 'Cafea');

INSERT INTO Furnizor (nume, nume_strada, nr_locatie, nr_telefon, email, tip_produse)
VALUES ('Panorama Tech', 'Strada Stejarului', 5, '0746789012', NULL, 'Echipamente IT');

--///////////////////////////PUNCT DE RIDICARE
INSERT INTO Punct_de_ridicare (oras, nume, nume_strada, cod_postal)
VALUES ('Bucuresti', 'EasyBox Centrul Vechi', 'Strada Lipscani', '010101');

INSERT INTO Punct_de_ridicare (oras, nume, nume_strada, cod_postal)
VALUES ('Cluj-Napoca', 'EasyBox Cluj Center', 'Strada Eroilor', '400101');

INSERT INTO Punct_de_ridicare (oras, nume, nume_strada, cod_postal)
VALUES ('Timisoara', 'EasyBox Balcescu', 'Strada Balcescu', '300101');

INSERT INTO Punct_de_ridicare (oras, nume, nume_strada, cod_postal)
VALUES ('Iasi', 'EasyBox Palas', 'Strada Palas', '700101');

INSERT INTO Punct_de_ridicare (oras, nume, nume_strada, cod_postal)
VALUES ('Brasov', 'EasyBox Centrul Vechi Brasov', 'Strada Muresenilor', '500101');

INSERT INTO Punct_de_ridicare (oras, nume, nume_strada, cod_postal)
VALUES ('Constanta', 'EasyBox Tomis', 'Strada Tomis', '900101');

INSERT INTO Punct_de_ridicare (oras, nume, nume_strada, cod_postal)
VALUES ('Ploiesti', 'EasyBox Ploiesti Mall', 'Strada Tineretului', '100101');

INSERT INTO Punct_de_ridicare (oras, nume, nume_strada, cod_postal)
VALUES ('Sibiu', 'EasyBox Sibiu Centru', 'Strada Nicolae Balcescu', '550101');

INSERT INTO Punct_de_ridicare (oras, nume, nume_strada, cod_postal)
VALUES ('Arad', 'EasyBox Arad Mall', 'Strada Andrei Muresanu', '310101');

INSERT INTO Punct_de_ridicare (oras, nume, nume_strada, cod_postal)
VALUES ('Bucuresti', 'EasyBox Piata Unirii', 'Strada Unirii', '030101');

INSERT INTO Punct_de_ridicare (oras, nume, nume_strada, cod_postal)
VALUES ('Cluj-Napoca', 'EasyBox Central', 'Strada Avram Iancu', '400102');

INSERT INTO Punct_de_ridicare (oras, nume, nume_strada, cod_postal)
VALUES ('Timisoara', 'EasyBox Shopping Center', 'Strada Pajistei', '300102');

INSERT INTO Punct_de_ridicare (oras, nume, nume_strada, cod_postal)
VALUES ('Iasi', 'EasyBox Palas Mall', 'Strada Copou', '700102');

INSERT INTO Punct_de_ridicare (oras, nume, nume_strada, cod_postal)
VALUES ('Brasov', 'EasyBox Triaj', 'Strada Triajului', '500102');

INSERT INTO Punct_de_ridicare (oras, nume, nume_strada, cod_postal)
VALUES ('Constanta', 'EasyBox Modern', 'Strada Modern', '900102');

INSERT INTO Punct_de_ridicare (oras, nume, nume_strada, cod_postal)
VALUES ('Bucuresti', 'EasyBox Baneasa', 'Strada Baneasa', '020101');

INSERT INTO Punct_de_ridicare (oras, nume, nume_strada, cod_postal)
VALUES ('Cluj-Napoca', 'EasyBox Cluj Arena', 'Strada Arena', '400103');

INSERT INTO Punct_de_ridicare (oras, nume, nume_strada, cod_postal)
VALUES ('Timisoara', 'EasyBox Timisoara Nord', 'Strada Nordului', '300103');

INSERT INTO Punct_de_ridicare (oras, nume, nume_strada, cod_postal)
VALUES ('Iasi', 'EasyBox Iasi Mall', 'Strada Nicolina', '700103');

INSERT INTO Punct_de_ridicare (oras, nume, nume_strada, cod_postal)
VALUES ('Brasov', 'EasyBox Triaj Brasov', 'Strada Triajului', '500103');

INSERT INTO Punct_de_ridicare (oras, nume, nume_strada, cod_postal)
VALUES ('Constanta', 'EasyBox Constanta Mall', 'Strada Mall', '900103');

INSERT INTO Punct_de_ridicare (oras, nume, nume_strada, cod_postal)
VALUES ('Bucuresti', 'EasyBox Floreasca', 'Strada Floreasca', '010102');

INSERT INTO Punct_de_ridicare (oras, nume, nume_strada, cod_postal)
VALUES ('Cluj-Napoca', 'EasyBox Universitatii', 'Strada Universitatii', '400104');

INSERT INTO Punct_de_ridicare (oras, nume, nume_strada, cod_postal)
VALUES ('Timisoara', 'EasyBox City Center', 'Strada Timisoara', '300104');

INSERT INTO Punct_de_ridicare (oras, nume, nume_strada, cod_postal)
VALUES ('Iasi', 'EasyBox Copou', 'Strada Copou', '700104');

INSERT INTO Punct_de_ridicare (oras, nume, nume_strada, cod_postal)
VALUES ('Brasov', 'EasyBox Zona Noua', 'Strada Noua', '500104');

INSERT INTO Punct_de_ridicare (oras, nume, nume_strada, cod_postal)
VALUES ('Constanta', 'EasyBox Constanta Sud', 'Strada Sudului', '900104');

INSERT INTO Punct_de_ridicare (oras, nume, nume_strada, cod_postal)
VALUES ('Bucuresti', 'EasyBox Titan', 'Strada Titan', '030102');

INSERT INTO Punct_de_ridicare (oras, nume, nume_strada, cod_postal)
VALUES ('Cluj-Napoca', 'EasyBox Marasti', 'Strada Marasti', '400105');

INSERT INTO Punct_de_ridicare (oras, nume, nume_strada, cod_postal)
VALUES ('Timisoara', 'EasyBox Padurea Verde', 'Strada Padurea', '300105');

INSERT INTO Punct_de_ridicare (oras, nume, nume_strada, cod_postal)
VALUES ('Iasi', 'EasyBox Garii', 'Strada Garii', '700105');

INSERT INTO Punct_de_ridicare (oras, nume, nume_strada, cod_postal)
VALUES ('Brasov', 'EasyBox Zona Industriala', 'Strada Industriala', '500105');

INSERT INTO Punct_de_ridicare (oras, nume, nume_strada, cod_postal)
VALUES ('Constanta', 'EasyBox Tomis Nord', 'Strada Tomis Nord', '900105');

--//////////////////////////Client
INSERT INTO Client (nume, prenume, nr_telefon, email, tip_client)
VALUES ('Popescu', 'Ion', '0712325678', 'ion.popescu@email.com', 'fizic');

INSERT INTO Client (nume, prenume, nr_telefon, email, tip_client)
VALUES ('Ionescu', 'Maria', '0723196789', 'maria.ionescu@email.com', 'fizic');

INSERT INTO Client (nume, prenume, nr_telefon, email, tip_client)
VALUES ('Georgescu', 'Andrei', '0703567890', 'andrei.georgescu@email.com', 'fizic');

INSERT INTO Client (nume, prenume, nr_telefon, email, tip_client)
VALUES ('Munteanu', 'Ana', '0745677401', 'ana.munteanu@email.com', 'fizic');

INSERT INTO Client (nume, prenume, nr_telefon, email, tip_client)
VALUES ('Vasilescu', 'Ion', '0756712012', 'ion.vasilescu@email.com', 'fizic');

INSERT INTO Client (nume, prenume, nr_telefon, email, tip_client)
VALUES ('Dumitru', 'Oana', '0767891623', 'oana.dumitru@email.com', 'fizic');

INSERT INTO Client (nume, prenume, nr_telefon, email, tip_client)
VALUES ('Stan', 'Gabriel', '0777601234', 'gabriel.stan@email.com', 'fizic');

INSERT INTO Client (nume, prenume, nr_telefon, email, tip_client)
VALUES ('Popa', 'Elena', '0789032345', 'elena.popa@email.com', 'fizic');

INSERT INTO Client (nume, prenume, nr_telefon, email, tip_client)
VALUES ('Tudor', 'Mihai', '0790193456', 'mihai.tudor@email.com', 'fizic');

INSERT INTO Client (nume, prenume, nr_telefon, email, tip_client)
VALUES ('Nicolae', 'Irina', '0755234567', 'irina.nicolae@email.com', 'fizic');

INSERT INTO Client (nume, prenume, nr_telefon, email, tip_client)
VALUES ('Lupu', 'Marian', '0712995678', 'marian.lupu@email.com', 'fizic');

INSERT INTO Client (nume, prenume, nr_telefon, email, tip_client)
VALUES ('Ionescu', 'Raluca', '0732456789', 'raluca.ionescu@email.com', 'fizic');

INSERT INTO Client (nume, prenume, nr_telefon, email, tip_client)
VALUES ('Constantinescu', 'Victor', '0734567090', 'victor.constantinescu@email.com', 'fizic');

INSERT INTO Client (nume, prenume, nr_telefon, email, tip_client)
VALUES ('Barbu', 'Ion', '0745678966', 'ion.barbu@email.com', 'juridic');

INSERT INTO Client (nume, prenume, nr_telefon, email, tip_client)
VALUES ('Enache', 'Elena', '0756753012', 'elena.enache@email.com', 'juridic');

INSERT INTO Client (nume, prenume, nr_telefon, email, tip_client)
VALUES ('Nistor', 'Mihai', '0767890103', 'mihai.nistor@email.com', 'fizic');

INSERT INTO Client (nume, prenume, nr_telefon, email, tip_client)
VALUES ('Sima', 'Alexandra', '0778932234', 'alexandra.sima@email.com', 'juridic');

INSERT INTO Client (nume, prenume, nr_telefon, email, tip_client)
VALUES ('Toma', 'Cristian', '0787412345', 'cristian.toma@email.com', 'fizic');

INSERT INTO Client (nume, prenume, nr_telefon, email, tip_client)
VALUES ('Ciobanu', 'Diana', '0790163466', 'diana.ciobanu@email.com', 'juridic');

INSERT INTO Client (nume, prenume, nr_telefon, email, tip_client)
VALUES ('Gheorghe', 'Elena', '0701438767', 'elena.gheorghe@email.com', 'fizic');

INSERT INTO Client (nume, prenume, nr_telefon, email, tip_client)
VALUES ('Patrascu', 'Andrei', '0754345678', 'andrei.patrascu@email.com', 'fizic');

INSERT INTO Client (nume, prenume, nr_telefon, email, tip_client)
VALUES ('Popescu', 'Vasile', '0729956789', 'vasile.popescu@email.com', 'fizic');

INSERT INTO Client (nume, prenume, nr_telefon, email, tip_client)
VALUES ('Mihaila', 'Ionut', '0734127890', 'ionut.mihaila@email.com', 'juridic');

INSERT INTO Client (nume, prenume, nr_telefon, email, tip_client)
VALUES ('Chiriac', 'Monica', '0741578901', 'monica.chiriac@email.com', 'fizic');

INSERT INTO Client (nume, prenume, nr_telefon, email, tip_client)
VALUES ('Pascu', 'Radu', '0756789632', 'radu.pascu@email.com', 'fizic');

INSERT INTO Client (nume, prenume, nr_telefon, email, tip_client)
VALUES ('Rusu', 'Violeta', '0767630123', 'violeta.rusu@email.com', 'fizic');

INSERT INTO Client (nume, prenume, nr_telefon, email, tip_client)
VALUES ('Anghel', 'Adrian', '0721901234', 'adrian.anghel@email.com', 'juridic');

INSERT INTO Client (nume, prenume, nr_telefon, email, tip_client)
VALUES ('Mocanu', 'Gabriela', '0789163415', 'gabriela.mocanu@email.com', 'fizic');

INSERT INTO Client (nume, prenume, nr_telefon, email, tip_client)
VALUES ('Bucur', 'Simona', '0791122456', 'simona.bucur@email.com', 'juridic');

INSERT INTO Client (nume, prenume, nr_telefon, email, tip_client)
VALUES ('Stanciu', 'Florin', '0701034567', 'florin.stanciu@email.com', 'fizic');

INSERT INTO Client (nume, prenume, nr_telefon, email, tip_client)
VALUES ('Neagu', 'Liliana', '0712345600', 'liliana.neagu@email.com', 'juridic');

INSERT INTO Client (nume, prenume, nr_telefon, email, tip_client)
VALUES ('Lazar', 'Stefan', '0723456711', 'stefan.lazar@email.com', 'juridic');

INSERT INTO Client (nume, prenume, nr_telefon, email, tip_client)
VALUES ('Tech Solutions', 'Livia', '0734567822', 'contact@techsolutions.com', 'juridic');

INSERT INTO Client (nume, prenume, nr_telefon, email, tip_client)
VALUES ('Auto Trade', 'Mihail', '0745678933', 'mihail@autotrade.com', 'juridic');

INSERT INTO Client (nume, prenume, nr_telefon, email, tip_client)
VALUES ('Distribuitor RO', 'Ion', '0756789044', 'ion@distribuitorro.com', 'juridic');

INSERT INTO Client (nume, prenume, nr_telefon, email, tip_client)
VALUES ('Retail Market', 'Elena', '0767890155', 'elena@retailmarket.com', 'juridic');

--//////////////////////////Interactiune_Client_Punct
INSERT INTO Interactiune_Client_Punct (id_punct_ridicare, id_client, data_folosire, tip_interactiune)
VALUES (1, 2, TO_DATE('2025-01-01', 'YYYY-MM-DD'), 'PREIA');

INSERT INTO Interactiune_Client_Punct (id_punct_ridicare, id_client, data_folosire, tip_interactiune)
VALUES (3, 1, TO_DATE('2025-01-02', 'YYYY-MM-DD'), 'RETURNEAZA');

INSERT INTO Interactiune_Client_Punct (id_punct_ridicare, id_client, data_folosire, tip_interactiune)
VALUES (2, 4, TO_DATE('2025-01-03', 'YYYY-MM-DD'), 'PREIA');

INSERT INTO Interactiune_Client_Punct (id_punct_ridicare, id_client, data_folosire, tip_interactiune)
VALUES (5, NULL, TO_DATE('2025-01-04', 'YYYY-MM-DD'), 'RETURNEAZA');

INSERT INTO Interactiune_Client_Punct (id_punct_ridicare, id_client, data_folosire, tip_interactiune)
VALUES (6, 3, TO_DATE('2025-01-05', 'YYYY-MM-DD'), 'PREIA');

INSERT INTO Interactiune_Client_Punct (id_punct_ridicare, id_client, data_folosire, tip_interactiune)
VALUES (4, 2, TO_DATE('2025-01-06', 'YYYY-MM-DD'), 'RETURNEAZA');

INSERT INTO Interactiune_Client_Punct (id_punct_ridicare, id_client, data_folosire, tip_interactiune)
VALUES (8, 7, TO_DATE('2025-01-07', 'YYYY-MM-DD'), 'PREIA');

INSERT INTO Interactiune_Client_Punct (id_punct_ridicare, id_client, data_folosire, tip_interactiune)
VALUES (7, 8, TO_DATE('2025-01-08', 'YYYY-MM-DD'), 'RETURNEAZA');

INSERT INTO Interactiune_Client_Punct (id_punct_ridicare, id_client, data_folosire, tip_interactiune)
VALUES (9, 9, TO_DATE('2025-01-09', 'YYYY-MM-DD'), 'PREIA');

INSERT INTO Interactiune_Client_Punct (id_punct_ridicare, id_client, data_folosire, tip_interactiune)
VALUES (10, NULL, TO_DATE('2025-01-10', 'YYYY-MM-DD'), 'RETURNEAZA');

INSERT INTO Interactiune_Client_Punct (id_punct_ridicare, id_client, data_folosire, tip_interactiune)
VALUES (11, 6, TO_DATE('2025-01-11', 'YYYY-MM-DD'), 'PREIA');

INSERT INTO Interactiune_Client_Punct (id_punct_ridicare, id_client, data_folosire, tip_interactiune)
VALUES (12, 5, TO_DATE('2025-01-12', 'YYYY-MM-DD'), 'RETURNEAZA');

INSERT INTO Interactiune_Client_Punct (id_punct_ridicare, id_client, data_folosire, tip_interactiune)
VALUES (14, 13, TO_DATE('2025-01-13', 'YYYY-MM-DD'), 'PREIA');

INSERT INTO Interactiune_Client_Punct (id_punct_ridicare, id_client, data_folosire, tip_interactiune)
VALUES (13, 14, TO_DATE('2025-01-14', 'YYYY-MM-DD'), 'RETURNEAZA');

INSERT INTO Interactiune_Client_Punct (id_punct_ridicare, id_client, data_folosire, tip_interactiune)
VALUES (15, NULL, TO_DATE('2025-01-15', 'YYYY-MM-DD'), 'PREIA');

INSERT INTO Interactiune_Client_Punct (id_punct_ridicare, id_client, data_folosire, tip_interactiune)
VALUES (16, 2, TO_DATE('2025-01-16', 'YYYY-MM-DD'), 'RETURNEAZA');

INSERT INTO Interactiune_Client_Punct (id_punct_ridicare, id_client, data_folosire, tip_interactiune)
VALUES (17, 1, TO_DATE('2025-01-17', 'YYYY-MM-DD'), 'PREIA');

INSERT INTO Interactiune_Client_Punct (id_punct_ridicare, id_client, data_folosire, tip_interactiune)
VALUES (19, 3, TO_DATE('2025-01-18', 'YYYY-MM-DD'), 'RETURNEAZA');

INSERT INTO Interactiune_Client_Punct (id_punct_ridicare, id_client, data_folosire, tip_interactiune)
VALUES (18, 4, TO_DATE('2025-01-19', 'YYYY-MM-DD'), 'PREIA');

INSERT INTO Interactiune_Client_Punct (id_punct_ridicare, id_client, data_folosire, tip_interactiune)
VALUES (1, 2, TO_DATE('2025-01-01', 'YYYY-MM-DD'), 'PREIA');

INSERT INTO Interactiune_Client_Punct (id_punct_ridicare, id_client, data_folosire, tip_interactiune)
VALUES (3, 5, TO_DATE('2025-02-14', 'YYYY-MM-DD'), 'RETURNEAZA');

INSERT INTO Interactiune_Client_Punct (id_punct_ridicare, id_client, data_folosire, tip_interactiune)
VALUES (2, 7, TO_DATE('2025-03-21', 'YYYY-MM-DD'), 'PREIA');

INSERT INTO Interactiune_Client_Punct (id_punct_ridicare, id_client, data_folosire, tip_interactiune)
VALUES (6, 3, TO_DATE('2025-04-10', 'YYYY-MM-DD'), 'RETURNEAZA');

INSERT INTO Interactiune_Client_Punct (id_punct_ridicare, id_client, data_folosire, tip_interactiune)
VALUES (9, 4, TO_DATE('2025-05-18', 'YYYY-MM-DD'), 'PREIA');

INSERT INTO Interactiune_Client_Punct (id_punct_ridicare, id_client, data_folosire, tip_interactiune)
VALUES (7, 6, TO_DATE('2025-06-23', 'YYYY-MM-DD'), 'RETURNEAZA');

INSERT INTO Interactiune_Client_Punct (id_punct_ridicare, id_client, data_folosire, tip_interactiune)
VALUES (10, 8, TO_DATE('2025-07-30', 'YYYY-MM-DD'), 'PREIA');

INSERT INTO Interactiune_Client_Punct (id_punct_ridicare, id_client, data_folosire, tip_interactiune)
VALUES (12, 11, TO_DATE('2025-08-05', 'YYYY-MM-DD'), 'RETURNEAZA');

INSERT INTO Interactiune_Client_Punct (id_punct_ridicare, id_client, data_folosire, tip_interactiune)
VALUES (11, 9, TO_DATE('2025-09-01', 'YYYY-MM-DD'), 'PREIA');

INSERT INTO Interactiune_Client_Punct (id_punct_ridicare, id_client, data_folosire, tip_interactiune)
VALUES (13, 10, TO_DATE('2025-10-12', 'YYYY-MM-DD'), 'RETURNEAZA');

INSERT INTO Interactiune_Client_Punct (id_punct_ridicare, id_client, data_folosire, tip_interactiune)
VALUES (14, 4, TO_DATE('2025-11-22', 'YYYY-MM-DD'), 'PREIA');

INSERT INTO Interactiune_Client_Punct (id_punct_ridicare, id_client, data_folosire, tip_interactiune)
VALUES (15, 7, TO_DATE('2025-12-01', 'YYYY-MM-DD'), 'RETURNEAZA');

INSERT INTO Interactiune_Client_Punct (id_punct_ridicare, id_client, data_folosire, tip_interactiune)
VALUES (16, NULL, TO_DATE('2025-01-25', 'YYYY-MM-DD'), 'PREIA');

INSERT INTO Interactiune_Client_Punct (id_punct_ridicare, id_client, data_folosire, tip_interactiune)
VALUES (17, 1, TO_DATE('2025-02-05', 'YYYY-MM-DD'), 'RETURNEAZA');

INSERT INTO Interactiune_Client_Punct (id_punct_ridicare, id_client, data_folosire, tip_interactiune)
VALUES (18, NULL, TO_DATE('2025-03-19', 'YYYY-MM-DD'), 'PREIA');

INSERT INTO Interactiune_Client_Punct (id_punct_ridicare, id_client, data_folosire, tip_interactiune)
VALUES (19, 2, TO_DATE('2025-04-01', 'YYYY-MM-DD'), 'RETURNEAZA');

INSERT INTO Interactiune_Client_Punct (id_punct_ridicare, id_client, data_folosire, tip_interactiune)
VALUES (20, 3, TO_DATE('2025-04-02', 'YYYY-MM-DD'), 'PREIA');

INSERT INTO Interactiune_Client_Punct (id_punct_ridicare, id_client, data_folosire, tip_interactiune)
VALUES (21, 5, TO_DATE('2025-04-03', 'YYYY-MM-DD'), 'RETURNEAZA');

INSERT INTO Interactiune_Client_Punct (id_punct_ridicare, id_client, data_folosire, tip_interactiune)
VALUES (22, 9, TO_DATE('2025-07-17', 'YYYY-MM-DD'), 'PREIA');

INSERT INTO Interactiune_Client_Punct (id_punct_ridicare, id_client, data_folosire, tip_interactiune)
VALUES (23, 8, TO_DATE('2025-08-25', 'YYYY-MM-DD'), 'RETURNEAZA');

INSERT INTO Interactiune_Client_Punct (id_punct_ridicare, id_client, data_folosire, tip_interactiune)
VALUES (25, 6, TO_DATE('2025-09-10', 'YYYY-MM-DD'), 'PREIA');

INSERT INTO Interactiune_Client_Punct (id_punct_ridicare, id_client, data_folosire, tip_interactiune)
VALUES (26, 4, TO_DATE('2025-10-30', 'YYYY-MM-DD'), 'RETURNEAZA');

INSERT INTO Interactiune_Client_Punct (id_punct_ridicare, id_client, data_folosire, tip_interactiune)
VALUES (20, 5, TO_DATE('2023-05-25', 'YYYY-MM-DD'), 'PREIA');

INSERT INTO Interactiune_Client_Punct (id_punct_ridicare, id_client, data_folosire, tip_interactiune)
VALUES (21, 27, TO_DATE('2020-07-26', 'YYYY-MM-DD'), 'PREIA');

INSERT INTO Interactiune_Client_Punct (id_punct_ridicare, id_client, data_folosire, tip_interactiune)
VALUES (22, 21, TO_DATE('2020-05-19', 'YYYY-MM-DD'), 'PREIA');

INSERT INTO Interactiune_Client_Punct (id_punct_ridicare, id_client, data_folosire, tip_interactiune)
VALUES (7, 2, TO_DATE('2020-02-17', 'YYYY-MM-DD'), 'PREIA');

INSERT INTO Interactiune_Client_Punct (id_punct_ridicare, id_client, data_folosire, tip_interactiune)
VALUES (18, 9, TO_DATE('2022-08-04', 'YYYY-MM-DD'), 'RETURNEAZA');

INSERT INTO Interactiune_Client_Punct (id_punct_ridicare, id_client, data_folosire, tip_interactiune)
VALUES (17, 24, TO_DATE('2025-11-24', 'YYYY-MM-DD'), 'RETURNEAZA');

INSERT INTO Interactiune_Client_Punct (id_punct_ridicare, id_client, data_folosire, tip_interactiune)
VALUES (11, 7, TO_DATE('2023-12-14', 'YYYY-MM-DD'), 'PREIA');

INSERT INTO Interactiune_Client_Punct (id_punct_ridicare, id_client, data_folosire, tip_interactiune)
VALUES (2, 21, TO_DATE('2022-09-22', 'YYYY-MM-DD'), 'RETURNEAZA');

INSERT INTO Interactiune_Client_Punct (id_punct_ridicare, id_client, data_folosire, tip_interactiune)
VALUES (12, 25, TO_DATE('2021-02-19', 'YYYY-MM-DD'), 'RETURNEAZA');

INSERT INTO Interactiune_Client_Punct (id_punct_ridicare, id_client, data_folosire, tip_interactiune)
VALUES (4, 1, TO_DATE('2025-11-04', 'YYYY-MM-DD'), 'RETURNEAZA');

INSERT INTO Interactiune_Client_Punct (id_punct_ridicare, id_client, data_folosire, tip_interactiune)
VALUES (1, 3, TO_DATE('2020-12-30', 'YYYY-MM-DD'), 'RETURNEAZA');

INSERT INTO Interactiune_Client_Punct (id_punct_ridicare, id_client, data_folosire, tip_interactiune)
VALUES (8, 5, TO_DATE('2021-09-02', 'YYYY-MM-DD'), 'PREIA');

INSERT INTO Interactiune_Client_Punct (id_punct_ridicare, id_client, data_folosire, tip_interactiune)
VALUES (23, 7, TO_DATE('2024-08-18', 'YYYY-MM-DD'), 'PREIA');

INSERT INTO Interactiune_Client_Punct (id_punct_ridicare, id_client, data_folosire, tip_interactiune)
VALUES (5, 13, TO_DATE('2022-05-21', 'YYYY-MM-DD'), 'RETURNEAZA');

INSERT INTO Interactiune_Client_Punct (id_punct_ridicare, id_client, data_folosire, tip_interactiune)
VALUES (22, 6, TO_DATE('2025-04-13', 'YYYY-MM-DD'), 'PREIA');

INSERT INTO Interactiune_Client_Punct (id_punct_ridicare, id_client, data_folosire, tip_interactiune)
VALUES (1, 16, TO_DATE('2023-03-25', 'YYYY-MM-DD'), 'PREIA');

INSERT INTO Interactiune_Client_Punct (id_punct_ridicare, id_client, data_folosire, tip_interactiune)
VALUES (15, 23, TO_DATE('2020-04-19', 'YYYY-MM-DD'), 'RETURNEAZA');

INSERT INTO Interactiune_Client_Punct (id_punct_ridicare, id_client, data_folosire, tip_interactiune)
VALUES (4, 18, TO_DATE('2021-07-11', 'YYYY-MM-DD'), 'PREIA');

INSERT INTO Interactiune_Client_Punct (id_punct_ridicare, id_client, data_folosire, tip_interactiune)
VALUES (6, 25, TO_DATE('2022-10-30', 'YYYY-MM-DD'), 'RETURNEAZA');

INSERT INTO Interactiune_Client_Punct (id_punct_ridicare, id_client, data_folosire, tip_interactiune)
VALUES (3, 10, TO_DATE('2025-01-17', 'YYYY-MM-DD'), 'PREIA');

INSERT INTO Interactiune_Client_Punct (id_punct_ridicare, id_client, data_folosire, tip_interactiune)
VALUES (20, 28, TO_DATE('2020-09-07', 'YYYY-MM-DD'), 'RETURNEAZA');

INSERT INTO Interactiune_Client_Punct (id_punct_ridicare, id_client, data_folosire, tip_interactiune)
VALUES (13, 2, TO_DATE('2024-07-25', 'YYYY-MM-DD'), 'RETURNEAZA');

INSERT INTO Interactiune_Client_Punct (id_punct_ridicare, id_client, data_folosire, tip_interactiune)
VALUES (9, 14, TO_DATE('2023-05-28', 'YYYY-MM-DD'), 'RETURNEAZA');

INSERT INTO Interactiune_Client_Punct (id_punct_ridicare, id_client, data_folosire, tip_interactiune)
VALUES (24, 15, TO_DATE('2021-05-20', 'YYYY-MM-DD'), 'PREIA');

INSERT INTO Interactiune_Client_Punct (id_punct_ridicare, id_client, data_folosire, tip_interactiune)
VALUES (14, 7, TO_DATE('2024-07-28', 'YYYY-MM-DD'), 'RETURNEAZA');

INSERT INTO Interactiune_Client_Punct (id_punct_ridicare, id_client, data_folosire, tip_interactiune)
VALUES (3, 1, TO_DATE('2023-04-27', 'YYYY-MM-DD'), 'PREIA');

INSERT INTO Interactiune_Client_Punct (id_punct_ridicare, id_client, data_folosire, tip_interactiune)
VALUES (24, 12, TO_DATE('2025-11-21', 'YYYY-MM-DD'), 'PREIA');

INSERT INTO Interactiune_Client_Punct (id_punct_ridicare, id_client, data_folosire, tip_interactiune)
VALUES (18, 10, TO_DATE('2021-03-14', 'YYYY-MM-DD'), 'RETURNEAZA');

INSERT INTO Interactiune_Client_Punct (id_punct_ridicare, id_client, data_folosire, tip_interactiune)
VALUES (25, 8, TO_DATE('2024-12-13', 'YYYY-MM-DD'), 'PREIA');

INSERT INTO Interactiune_Client_Punct (id_punct_ridicare, id_client, data_folosire, tip_interactiune)
VALUES (21, 10, TO_DATE('2021-07-04', 'YYYY-MM-DD'), 'PREIA');

INSERT INTO Interactiune_Client_Punct (id_punct_ridicare, id_client, data_folosire, tip_interactiune)
VALUES (16, 2, TO_DATE('2025-06-03', 'YYYY-MM-DD'), 'PREIA');

INSERT INTO Interactiune_Client_Punct (id_punct_ridicare, id_client, data_folosire, tip_interactiune)
VALUES (23, 29, TO_DATE('2023-01-23', 'YYYY-MM-DD'), 'PREIA');

INSERT INTO Interactiune_Client_Punct (id_punct_ridicare, id_client, data_folosire, tip_interactiune)
VALUES (17, 28, TO_DATE('2021-01-04', 'YYYY-MM-DD'), 'RETURNEAZA');

INSERT INTO Interactiune_Client_Punct (id_punct_ridicare, id_client, data_folosire, tip_interactiune)
VALUES (24, 8, TO_DATE('2020-05-06', 'YYYY-MM-DD'), 'PREIA');

INSERT INTO Interactiune_Client_Punct (id_punct_ridicare, id_client, data_folosire, tip_interactiune)
VALUES (NULL, 4, TO_DATE('2024-12-01', 'YYYY-MM-DD'), 'PREIA');

INSERT INTO Interactiune_Client_Punct (id_punct_ridicare, id_client, data_folosire, tip_interactiune)
VALUES (5, NULL, TO_DATE('2024-11-11', 'YYYY-MM-DD'), 'RETURNEAZA');

INSERT INTO Interactiune_Client_Punct (id_punct_ridicare, id_client, data_folosire, tip_interactiune)
VALUES (NULL, 6, TO_DATE('2025-02-15', 'YYYY-MM-DD'), 'PREIA');

INSERT INTO Interactiune_Client_Punct (id_punct_ridicare, id_client, data_folosire, tip_interactiune)
VALUES (1, 2, TO_DATE('2025-03-10', 'YYYY-MM-DD'), 'RETURNEAZA');

INSERT INTO Interactiune_Client_Punct (id_punct_ridicare, id_client, data_folosire, tip_interactiune)
VALUES (1, 2, TO_DATE('2025-04-14', 'YYYY-MM-DD'), 'PREIA');

INSERT INTO Interactiune_Client_Punct (id_punct_ridicare, id_client, data_folosire, tip_interactiune)
VALUES (3, 2, TO_DATE('2025-05-05', 'YYYY-MM-DD'), 'PREIA');

INSERT INTO Interactiune_Client_Punct (id_punct_ridicare, id_client, data_folosire, tip_interactiune)
VALUES (3, 2, TO_DATE('2025-06-08', 'YYYY-MM-DD'), 'RETURNEAZA');

INSERT INTO Interactiune_Client_Punct (id_punct_ridicare, id_client, data_folosire, tip_interactiune)
VALUES (7, 10, TO_DATE('2023-10-15', 'YYYY-MM-DD'), 'PREIA');

INSERT INTO Interactiune_Client_Punct (id_punct_ridicare, id_client, data_folosire, tip_interactiune)
VALUES (8, 11, TO_DATE('2025-01-01', 'YYYY-MM-DD'), 'RETURNEAZA');

INSERT INTO Interactiune_Client_Punct (id_punct_ridicare, id_client, data_folosire, tip_interactiune)
VALUES (5, 12, TO_DATE('2022-12-20', 'YYYY-MM-DD'), 'PREIA');

INSERT INTO Interactiune_Client_Punct (id_punct_ridicare, id_client, data_folosire, tip_interactiune)
VALUES (6, 13, TO_DATE('2024-03-12', 'YYYY-MM-DD'), 'RETURNEAZA');

INSERT INTO Interactiune_Client_Punct (id_punct_ridicare, id_client, data_folosire, tip_interactiune)
VALUES (9, 14, TO_DATE('2023-11-09', 'YYYY-MM-DD'), 'PREIA');

INSERT INTO Interactiune_Client_Punct (id_punct_ridicare, id_client, data_folosire, tip_interactiune)
VALUES (9, 14, TO_DATE('2024-02-22', 'YYYY-MM-DD'), 'RETURNEAZA');

INSERT INTO Interactiune_Client_Punct (id_punct_ridicare, id_client, data_folosire, tip_interactiune)
VALUES (15, 15, TO_DATE('2025-01-25', 'YYYY-MM-DD'), 'PREIA');

INSERT INTO Interactiune_Client_Punct (id_punct_ridicare, id_client, data_folosire, tip_interactiune)
VALUES (15, 15, TO_DATE('2025-02-18', 'YYYY-MM-DD'), 'RETURNEAZA');

INSERT INTO Interactiune_Client_Punct (id_punct_ridicare, id_client, data_folosire, tip_interactiune)
VALUES (11, 16, TO_DATE('2023-09-11', 'YYYY-MM-DD'), 'PREIA');

INSERT INTO Interactiune_Client_Punct (id_punct_ridicare, id_client, data_folosire, tip_interactiune)
VALUES (12, 17, TO_DATE('2024-04-07', 'YYYY-MM-DD'), 'RETURNEAZA');

INSERT INTO Interactiune_Client_Punct (id_punct_ridicare, id_client, data_folosire, tip_interactiune)
VALUES (13, 18, TO_DATE('2025-07-16', 'YYYY-MM-DD'), 'PREIA');

INSERT INTO Interactiune_Client_Punct (id_punct_ridicare, id_client, data_folosire, tip_interactiune)
VALUES (14, 19, TO_DATE('2023-06-05', 'YYYY-MM-DD'), 'RETURNEAZA');

INSERT INTO Interactiune_Client_Punct (id_punct_ridicare, id_client, data_folosire, tip_interactiune)
VALUES (7, 20, TO_DATE('2025-10-14', 'YYYY-MM-DD'), 'PREIA');

INSERT INTO Interactiune_Client_Punct (id_punct_ridicare, id_client, data_folosire, tip_interactiune)
VALUES (8, 21, TO_DATE('2024-03-03', 'YYYY-MM-DD'), 'RETURNEAZA');

INSERT INTO Interactiune_Client_Punct (id_punct_ridicare, id_client, data_folosire, tip_interactiune)
VALUES (10, 22, TO_DATE('2024-06-30', 'YYYY-MM-DD'), 'PREIA');

INSERT INTO Interactiune_Client_Punct (id_punct_ridicare, id_client, data_folosire, tip_interactiune)
VALUES (14, 23, TO_DATE('2025-11-12', 'YYYY-MM-DD'), 'RETURNEAZA');

INSERT INTO Interactiune_Client_Punct (id_punct_ridicare, id_client, data_folosire, tip_interactiune)
VALUES (16, 24, TO_DATE('2025-02-21', 'YYYY-MM-DD'), 'PREIA');

INSERT INTO Interactiune_Client_Punct (id_punct_ridicare, id_client, data_folosire, tip_interactiune)
VALUES (17, 25, TO_DATE('2024-10-11', 'YYYY-MM-DD'), 'RETURNEAZA');

INSERT INTO Interactiune_Client_Punct (id_punct_ridicare, id_client, data_folosire, tip_interactiune)
VALUES (18, 26, TO_DATE('2025-06-22', 'YYYY-MM-DD'), 'PREIA');

INSERT INTO Interactiune_Client_Punct (id_punct_ridicare, id_client, data_folosire, tip_interactiune)
VALUES (20, 27, TO_DATE('2024-08-30', 'YYYY-MM-DD'), 'RETURNEAZA');

INSERT INTO Interactiune_Client_Punct (id_punct_ridicare, id_client, data_folosire, tip_interactiune)
VALUES (NULL, 6, TO_DATE('2024-05-01', 'YYYY-MM-DD'), 'PREIA');

INSERT INTO Interactiune_Client_Punct (id_punct_ridicare, id_client, data_folosire, tip_interactiune)
VALUES (5, NULL, TO_DATE('2025-03-02', 'YYYY-MM-DD'), 'RETURNEAZA');

INSERT INTO Interactiune_Client_Punct (id_punct_ridicare, id_client, data_folosire, tip_interactiune)
VALUES (NULL, 8, TO_DATE('2024-07-15', 'YYYY-MM-DD'), 'PREIA');

INSERT INTO Interactiune_Client_Punct (id_punct_ridicare, id_client, data_folosire, tip_interactiune)
VALUES (2, 3, TO_DATE('2025-01-05', 'YYYY-MM-DD'), 'RETURNEAZA');

INSERT INTO Interactiune_Client_Punct (id_punct_ridicare, id_client, data_folosire, tip_interactiune)
VALUES (2, 3, TO_DATE('2025-02-10', 'YYYY-MM-DD'), 'PREIA');

INSERT INTO Interactiune_Client_Punct (id_punct_ridicare, id_client, data_folosire, tip_interactiune)
VALUES (4, 2, TO_DATE('2025-03-01', 'YYYY-MM-DD'), 'RETURNEAZA');

INSERT INTO Interactiune_Client_Punct (id_punct_ridicare, id_client, data_folosire, tip_interactiune)
VALUES (4, 2, TO_DATE('2025-04-15', 'YYYY-MM-DD'), 'PREIA');

INSERT INTO Interactiune_Client_Punct (id_punct_ridicare, id_client, data_folosire, tip_interactiune)
VALUES (3, 7, TO_DATE('2024-08-20', 'YYYY-MM-DD'), 'RETURNEAZA');

INSERT INTO Interactiune_Client_Punct (id_punct_ridicare, id_client, data_folosire, tip_interactiune)
VALUES (6, 9, TO_DATE('2025-06-30', 'YYYY-MM-DD'), 'PREIA');

INSERT INTO Interactiune_Client_Punct (id_punct_ridicare, id_client, data_folosire, tip_interactiune)
VALUES (7, 10, TO_DATE('2025-05-18', 'YYYY-MM-DD'), 'RETURNEAZA');

INSERT INTO Interactiune_Client_Punct (id_punct_ridicare, id_client, data_folosire, tip_interactiune)
VALUES (2, 5, TO_DATE('2025-07-25', 'YYYY-MM-DD'), 'PREIA');

INSERT INTO Interactiune_Client_Punct (id_punct_ridicare, id_client, data_folosire, tip_interactiune)
VALUES (8, 3, TO_DATE('2025-09-05', 'YYYY-MM-DD'), 'RETURNEAZA');

INSERT INTO Interactiune_Client_Punct (id_punct_ridicare, id_client, data_folosire, tip_interactiune)
VALUES (12, 8, TO_DATE('2024-06-14', 'YYYY-MM-DD'), 'PREIA');

INSERT INTO Interactiune_Client_Punct (id_punct_ridicare, id_client, data_folosire, tip_interactiune)
VALUES (9, 13, TO_DATE('2025-01-12', 'YYYY-MM-DD'), 'RETURNEAZA');

INSERT INTO Interactiune_Client_Punct (id_punct_ridicare, id_client, data_folosire, tip_interactiune)
VALUES (11, 10, TO_DATE('2025-03-23', 'YYYY-MM-DD'), 'PREIA');

INSERT INTO Interactiune_Client_Punct (id_punct_ridicare, id_client, data_folosire, tip_interactiune)
VALUES (10, 11, TO_DATE('2025-04-06', 'YYYY-MM-DD'), 'RETURNEAZA');

INSERT INTO Interactiune_Client_Punct (id_punct_ridicare, id_client, data_folosire, tip_interactiune)
VALUES (7, 12, TO_DATE('2025-06-10', 'YYYY-MM-DD'), 'PREIA');

INSERT INTO Interactiune_Client_Punct (id_punct_ridicare, id_client, data_folosire, tip_interactiune)
VALUES (5, 6, TO_DATE('2023-05-15', 'YYYY-MM-DD'), 'RETURNEAZA');

INSERT INTO Interactiune_Client_Punct (id_punct_ridicare, id_client, data_folosire, tip_interactiune)
VALUES (4, 7, TO_DATE('2023-08-22', 'YYYY-MM-DD'), 'PREIA');

INSERT INTO Interactiune_Client_Punct (id_punct_ridicare, id_client, data_folosire, tip_interactiune)
VALUES (8, 9, TO_DATE('2024-09-15', 'YYYY-MM-DD'), 'RETURNEAZA');

INSERT INTO Interactiune_Client_Punct (id_punct_ridicare, id_client, data_folosire, tip_interactiune)
VALUES (3, 10, TO_DATE('2025-02-01', 'YYYY-MM-DD'), 'PREIA');

INSERT INTO Interactiune_Client_Punct (id_punct_ridicare, id_client, data_folosire, tip_interactiune)
VALUES (2, 11, TO_DATE('2024-04-20', 'YYYY-MM-DD'), 'RETURNEAZA');

INSERT INTO Interactiune_Client_Punct (id_punct_ridicare, id_client, data_folosire, tip_interactiune)
VALUES (9, 14, TO_DATE('2025-01-29', 'YYYY-MM-DD'), 'PREIA');

INSERT INTO Interactiune_Client_Punct (id_punct_ridicare, id_client, data_folosire, tip_interactiune)
VALUES (6, 16, TO_DATE('2025-05-10', 'YYYY-MM-DD'), 'RETURNEAZA');

INSERT INTO Interactiune_Client_Punct (id_punct_ridicare, id_client, data_folosire, tip_interactiune)
VALUES (14, 17, TO_DATE('2024-10-01', 'YYYY-MM-DD'), 'PREIA');

INSERT INTO Interactiune_Client_Punct (id_punct_ridicare, id_client, data_folosire, tip_interactiune)
VALUES (7, 15, TO_DATE('2024-12-05', 'YYYY-MM-DD'), 'RETURNEAZA');


INSERT INTO Interactiune_Client_Punct (id_punct_ridicare, id_client, data_folosire, tip_interactiune)
VALUES (NULL, 19, TO_DATE('2024-03-10', 'YYYY-MM-DD'), 'PREIA');

--/////////////////////////////Colet

INSERT INTO Colet (cod_pin, id_curier, id_furnizor, id_punct_ridicare, greutate, nume_destinatar, valoare_totala, stare_colet)
VALUES ('ABC1N3', 1, 1, 1, 2.5, 'Ion Popescu', 150.75, 'in livrare');

INSERT INTO Colet (cod_pin, id_curier, id_furnizor, id_punct_ridicare, greutate, nume_destinatar, valoare_totala, stare_colet)
VALUES ('EBD1E3', 1, 1, 1, 2.5, 'Andrei Popa', 150.75, 'livrat');

INSERT INTO Colet (cod_pin, id_curier, id_furnizor, id_punct_ridicare, greutate, nume_destinatar, valoare_totala, stare_colet)
VALUES ('A6B1C2', 1, 15, 4, 3.1, 'Maria Ionescu', 120.50, 'livrat');

INSERT INTO Colet (cod_pin, id_curier, id_furnizor, id_punct_ridicare, greutate, nume_destinatar, valoare_totala, stare_colet)
VALUES ('D8F1G9', 2, 10, 7, 1.8, 'Ion Georgescu', 90.25, 'returnat');

INSERT INTO Colet (cod_pin, id_curier, id_furnizor, id_punct_ridicare, greutate, nume_destinatar, valoare_totala, stare_colet)
VALUES ('J2E5H1', 3, 8, 19, 5.0, 'Ana Popescu', 250.00, 'livrat');

INSERT INTO Colet (cod_pin, id_curier, id_furnizor, id_punct_ridicare, greutate, nume_destinatar, valoare_totala, stare_colet)
VALUES ('C9B6D4', 4, 14, 11, 3.2, 'Vasile Ionescu', 180.75, 'returnat');

INSERT INTO Colet (cod_pin, id_curier, id_furnizor, id_punct_ridicare, greutate, nume_destinatar, valoare_totala, stare_colet)
VALUES ('K5M1O2', 5, 3, 16, 4.3, 'Andrei Radu', 210.00, 'livrat');

INSERT INTO Colet (cod_pin, id_curier, id_furnizor, id_punct_ridicare, greutate, nume_destinatar, valoare_totala, stare_colet)
VALUES ('L1P8Z0', 6, 19, 20, 2.4, 'Elena Vasilescu', 145.60, 'livrat');

INSERT INTO Colet (cod_pin, id_curier, id_furnizor, id_punct_ridicare, greutate, nume_destinatar, valoare_totala, stare_colet)
VALUES ('G7B2S1', 7, 13, 5, 6.0, 'Mihai Dumitrescu', 300.00, 'returnat');

INSERT INTO Colet (cod_pin, id_curier, id_furnizor, id_punct_ridicare, greutate, nume_destinatar, valoare_totala, stare_colet)
VALUES ('H1A9C7', 8, 4, 12, 4.0, 'Ioana Marinescu', 160.80, 'livrat');

INSERT INTO Colet (cod_pin, id_curier, id_furnizor, id_punct_ridicare, greutate, nume_destinatar, valoare_totala, stare_colet)
VALUES ('T3U5E6', 9, 5, 18, 2.2, 'George Stan', 110.50, 'returnat');

INSERT INTO Colet (cod_pin, id_curier, id_furnizor, id_punct_ridicare, greutate, nume_destinatar, valoare_totala, stare_colet)
VALUES ('M2V8Y3', 10, 9, 1, 3.7, 'Cristina Luca', 180.00, 'livrat');

INSERT INTO Colet (cod_pin, id_curier, id_furnizor, id_punct_ridicare, greutate, nume_destinatar, valoare_totala, stare_colet)
VALUES ('F4L9X0', 11, 6, 17, 3.9, 'Radu Ionescu', 175.00, 'returnat');

INSERT INTO Colet (cod_pin, id_curier, id_furnizor, id_punct_ridicare, greutate, nume_destinatar, valoare_totala, stare_colet)
VALUES ('P5O2B4', 12, 20, 14, 7.2, 'Andreea Petrescu', 330.00, 'livrat');

INSERT INTO Colet (cod_pin, id_curier, id_furnizor, id_punct_ridicare, greutate, nume_destinatar, valoare_totala, stare_colet)
VALUES ('D9T0G5', 13, 7, 2, 6.5, 'Cosmin Rusu', 280.50, 'returnat');

INSERT INTO Colet (cod_pin, id_curier, id_furnizor, id_punct_ridicare, greutate, nume_destinatar, valoare_totala, stare_colet)
VALUES ('K7M8S3', 14, 11, 9, 4.5, 'Diana Georgescu', 210.00, 'livrat');

INSERT INTO Colet (cod_pin, id_curier, id_furnizor, id_punct_ridicare, greutate, nume_destinatar, valoare_totala, stare_colet)
VALUES ('E6B1L9', 15, 10, 3, 1.6, 'Florin Popa', 95.75, 'returnat');

INSERT INTO Colet (cod_pin, id_curier, id_furnizor, id_punct_ridicare, greutate, nume_destinatar, valoare_totala, stare_colet)
VALUES ('S1C2D5', 16, 12, 8, 8.2, 'Gabriela Stanescu', 350.00, 'livrat');

INSERT INTO Colet (cod_pin, id_curier, id_furnizor, id_punct_ridicare, greutate, nume_destinatar, valoare_totala, stare_colet)
VALUES ('F3A9X4', 17, 16, 15, 5.3, 'Horatiu Dragan', 220.00, 'returnat');

INSERT INTO Colet (cod_pin, id_curier, id_furnizor, id_punct_ridicare, greutate, nume_destinatar, valoare_totala, stare_colet)
VALUES ('H2J9P4', 18, 8, 10, 3.0, 'Mihaela Toma', 135.50, 'livrat');

INSERT INTO Colet (cod_pin, id_curier, id_furnizor, id_punct_ridicare, greutate, nume_destinatar, valoare_totala, stare_colet)
VALUES ('R9D1T7', 19, 15, 13, 4.0, 'Vlad Popescu', 190.25, 'returnat');

INSERT INTO Colet (cod_pin, id_curier, id_furnizor, id_punct_ridicare, greutate, nume_destinatar, valoare_totala, stare_colet)
VALUES ('A7F4G2', 20, 4, 11, 5.1, 'Ionut Stan', 210.00, 'livrat');

INSERT INTO Colet (cod_pin, id_curier, id_furnizor, id_punct_ridicare, greutate, nume_destinatar, valoare_totala, stare_colet)
VALUES ('P2Q7S3', 1, 9, 6, 2.8, 'Claudia Ene', 160.00, 'livrat');

INSERT INTO Colet (cod_pin, id_curier, id_furnizor, id_punct_ridicare, greutate, nume_destinatar, valoare_totala, stare_colet)
VALUES ('V6E3T5', 2, 14, 3, 4.9, 'Marius Ilie', 215.75, 'returnat');

INSERT INTO Colet (cod_pin, id_curier, id_furnizor, id_punct_ridicare, greutate, nume_destinatar, valoare_totala, stare_colet)
VALUES ('D1B2P8', 3, 5, 8, 3.3, 'Laura Dinu', 145.60, 'livrat');

INSERT INTO Colet (cod_pin, id_curier, id_furnizor, id_punct_ridicare, greutate, nume_destinatar, valoare_totala, stare_colet)
VALUES ('S3L4Y9', 4, 13, 12, 5.4, 'Petru Luca', 250.00, 'returnat');

INSERT INTO Colet (cod_pin, id_curier, id_furnizor, id_punct_ridicare, greutate, nume_destinatar, valoare_totala, stare_colet)
VALUES ('M6P2X4', 5, 6, 15, 4.8, 'Raluca Iancu', 220.50, 'livrat');

INSERT INTO Colet (cod_pin, id_curier, id_furnizor, id_punct_ridicare, greutate, nume_destinatar, valoare_totala, stare_colet)
VALUES ('C9A2N5', 6, 18, 4, 3.0, 'Cosmin Vladu', 130.00, 'returnat');

INSERT INTO Colet (cod_pin, id_curier, id_furnizor, id_punct_ridicare, greutate, nume_destinatar, valoare_totala, stare_colet)
VALUES ('B1O9V7', 7, 3, 7, 2.5, 'Maria Stoica', 175.00, 'livrat');

INSERT INTO Colet (cod_pin, id_curier, id_furnizor, id_punct_ridicare, greutate, nume_destinatar, valoare_totala, stare_colet)
VALUES ('T7R6C1', 8, 17, 9, 4.2, 'Adrian Georgescu', 200.00, 'returnat');

INSERT INTO Colet (cod_pin, id_curier, id_furnizor, id_punct_ridicare, greutate, nume_destinatar, valoare_totala, stare_colet)
VALUES ('H2V5B9', 9, 20, 14, 5.5, 'Marian Pavel', 235.00, 'livrat');

INSERT INTO Colet (cod_pin, id_curier, id_furnizor, id_punct_ridicare, greutate, nume_destinatar, valoare_totala, stare_colet)
VALUES ('F4G3M1', 10, 2, 10, 3.8, 'Ionescu Victor', 210.25, 'returnat');

INSERT INTO Colet (cod_pin, id_curier, id_furnizor, id_punct_ridicare, greutate, nume_destinatar, valoare_totala, stare_colet)
VALUES ('R3B5X2', 11, 7, 2, 6.0, 'Florentina Balan', 250.00, 'livrat');

INSERT INTO Colet (cod_pin, id_curier, id_furnizor, id_punct_ridicare, greutate, nume_destinatar, valoare_totala, stare_colet)
VALUES ('P5Q8T3', 12, 4, 18, 4.1, 'Ion Petrescu', 215.00, 'returnat');

INSERT INTO Colet (cod_pin, id_curier, id_furnizor, id_punct_ridicare, greutate, nume_destinatar, valoare_totala, stare_colet)
VALUES ('J3S4Y2', 13, 19, 11, 5.7, 'Clara Iulian', 220.50, 'livrat');

INSERT INTO Colet (cod_pin, id_curier, id_furnizor, id_punct_ridicare, greutate, nume_destinatar, valoare_totala, stare_colet)
VALUES ('T8R2B3', 14, 16, 13, 3.4, 'Paul Gabor', 190.25, 'returnat');

INSERT INTO Colet (cod_pin, id_curier, id_furnizor, id_punct_ridicare, greutate, nume_destinatar, valoare_totala, stare_colet)
VALUES ('H1J2D3', 1, 4, 6, 3.2, 'Mihai Dima', 145.50, 'livrat');

INSERT INTO Colet (cod_pin, id_curier, id_furnizor, id_punct_ridicare, greutate, nume_destinatar, valoare_totala, stare_colet)
VALUES ('F4A9X7', 2, 5, 9, 4.1, 'Andrei Vasilescu', 220.00, 'returnat');

INSERT INTO Colet (cod_pin, id_curier, id_furnizor, id_punct_ridicare, greutate, nume_destinatar, valoare_totala, stare_colet)
VALUES ('G8Q3B1', 3, 8, 7, 2.5, 'Stefan Tudor', 175.25, 'livrat');

INSERT INTO Colet (cod_pin, id_curier, id_furnizor, id_punct_ridicare, greutate, nume_destinatar, valoare_totala, stare_colet)
VALUES ('D5P2R3', 4, 3, 5, 4.0, 'Larisa Ion', 190.50, 'returnat');

INSERT INTO Colet (cod_pin, id_curier, id_furnizor, id_punct_ridicare, greutate, nume_destinatar, valoare_totala, stare_colet)
VALUES ('L7T9R4', 5, 9, 8, 3.1, 'Vasile Preda', 205.00, 'livrat');

INSERT INTO Colet (cod_pin, id_curier, id_furnizor, id_punct_ridicare, greutate, nume_destinatar, valoare_totala, stare_colet)
VALUES ('S2K5G8', 6, 2, 10, 4.5, 'Alina Chiriac', 250.75, 'returnat');

INSERT INTO Colet (cod_pin, id_curier, id_furnizor, id_punct_ridicare, greutate, nume_destinatar, valoare_totala, stare_colet)
VALUES ('B3R7T9', 7, 6, 11, 5.0, 'Ion Nistor', 230.00, 'livrat');

INSERT INTO Colet (cod_pin, id_curier, id_furnizor, id_punct_ridicare, greutate, nume_destinatar, valoare_totala, stare_colet)
VALUES ('Q6S1K8', 8, 7, 12, 2.3, 'Elena Ionescu', 160.25, 'returnat');

INSERT INTO Colet (cod_pin, id_curier, id_furnizor, id_punct_ridicare, greutate, nume_destinatar, valoare_totala, stare_colet)
VALUES ('J4R2A6', 9, 1, 13, 3.8, 'Diana Popa', 185.00, 'livrat');

INSERT INTO Colet (cod_pin, id_curier, id_furnizor, id_punct_ridicare, greutate, nume_destinatar, valoare_totala, stare_colet)
VALUES ('K2P7M5', 10, 3, 4, 4.2, 'Adriana Georgescu', 210.00, 'returnat');

INSERT INTO Colet (cod_pin, id_curier, id_furnizor, id_punct_ridicare, greutate, nume_destinatar, valoare_totala, stare_colet)
VALUES ('H9Q4P1', 1, 5, 6, 3.0, 'Daniela Radu', 195.75, 'livrat');

INSERT INTO Colet (cod_pin, id_curier, id_furnizor, id_punct_ridicare, greutate, nume_destinatar, valoare_totala, stare_colet)
VALUES ('B2R9S7', 2, 8, 5, 4.3, 'George Dima', 210.50, 'returnat');

INSERT INTO Colet (cod_pin, id_curier, id_furnizor, id_punct_ridicare, greutate, nume_destinatar, valoare_totala, stare_colet)
VALUES ('T5V3A9', 3, 6, 9, 2.8, 'Ioana Munteanu', 180.25, 'livrat');

INSERT INTO Colet (cod_pin, id_curier, id_furnizor, id_punct_ridicare, greutate, nume_destinatar, valoare_totala, stare_colet)
VALUES ('L4K2T1', 4, 7, 8, 3.5, 'Mihail Vasile', 200.00, 'returnat');

INSERT INTO Colet (cod_pin, id_curier, id_furnizor, id_punct_ridicare, greutate, nume_destinatar, valoare_totala, stare_colet)
VALUES ('M9R6F2', 5, 4, 10, 4.0, 'Cristian Munteanu', 215.50, 'livrat');

INSERT INTO Colet (cod_pin, id_curier, id_furnizor, id_punct_ridicare, greutate, nume_destinatar, valoare_totala, stare_colet)
VALUES ('P1B4S7', 6, 9, 11, 3.6, 'Anca Vlad', 195.00, 'returnat');

INSERT INTO Colet (cod_pin, id_curier, id_furnizor, id_punct_ridicare, greutate, nume_destinatar, valoare_totala, stare_colet)
VALUES ('G5R2F8', 7, 3, 4, 3.0, 'Florin Stoica', 185.75, 'livrat');

INSERT INTO Colet (cod_pin, id_curier, id_furnizor, id_punct_ridicare, greutate, nume_destinatar, valoare_totala, stare_colet)
VALUES ('V1R9T3', 8, 2, 6, 4.0, 'Maria Paunescu', 210.00, 'returnat');

INSERT INTO Colet (cod_pin, id_curier, id_furnizor, id_punct_ridicare, greutate, nume_destinatar, valoare_totala, stare_colet)
VALUES ('DEF456', 2, 2, 2, 3.8, 'Maria Ionescu', 200.40, 'in pregatire');

INSERT INTO Colet (cod_pin, id_curier, id_furnizor, id_punct_ridicare, greutate, nume_destinatar, valoare_totala, stare_colet)
VALUES ('GHI789', 3, 3, 3, 5.2, 'Vasile Georgescu', 250.00, 'in depozit');

INSERT INTO Colet (cod_pin, id_curier, id_furnizor, id_punct_ridicare, greutate, nume_destinatar, valoare_totala, stare_colet)
VALUES ('JKL012', 4, 4, 4, 4.3, 'Ana Popa', 175.60, 'livrat');

INSERT INTO Colet (cod_pin, id_curier, id_furnizor, id_punct_ridicare, greutate, nume_destinatar, valoare_totala, stare_colet)
VALUES ('MNO345', 5, 5, 5, 1.1, 'Gabriel Dumitru', 120.50, 'returnat');

INSERT INTO Colet (cod_pin, id_curier, id_furnizor, id_punct_ridicare, greutate, nume_destinatar, valoare_totala, stare_colet)
VALUES ('PQR678', 6, 6, 6, 2.7, 'Ioana Mihail', 190.30, 'in livrare');

INSERT INTO Colet (cod_pin, id_curier, id_furnizor, id_punct_ridicare, greutate, nume_destinatar, valoare_totala, stare_colet)
VALUES ('STU901', 7, 7, 7, 3.9, 'Mihai Marin', 300.40, 'in pregatire');

INSERT INTO Colet (cod_pin, id_curier, id_furnizor, id_punct_ridicare, greutate, nume_destinatar, valoare_totala, stare_colet)
VALUES ('VWX234', 8, 8, 8, 4.0, 'Elena Oprea', 160.25, 'in depozit');

INSERT INTO Colet (cod_pin, id_curier, id_furnizor, id_punct_ridicare, greutate, nume_destinatar, valoare_totala, stare_colet)
VALUES ('YZA567', 9, 9, 9, 5.6, 'Florin Constantin', 220.00, 'livrat');

INSERT INTO Colet (cod_pin, id_curier, id_furnizor, id_punct_ridicare, greutate, nume_destinatar, valoare_totala, stare_colet)
VALUES ('BCD890', 10, 10, 10, 6.2, 'Elena Vasilescu', 180.75, 'returnat');

INSERT INTO Colet (cod_pin, id_curier, id_furnizor, id_punct_ridicare, greutate, nume_destinatar, valoare_totala, stare_colet)
VALUES ('EFG123', 11, 11, 11, 7.1, 'Luca Andrei', 150.00, 'in pregatire');

INSERT INTO Colet (cod_pin, id_curier, id_furnizor, id_punct_ridicare, greutate, nume_destinatar, valoare_totala, stare_colet)
VALUES ('HIJ456', 12, 12, 12, 2.3, 'Radu Sava', 140.20, 'in livrare');

INSERT INTO Colet (cod_pin, id_curier, id_furnizor, id_punct_ridicare, greutate, nume_destinatar, valoare_totala, stare_colet)
VALUES ('KLM789', 13, 13, 13, 5.9, 'Adrian Vasile', 220.50, 'in depozit');

INSERT INTO Colet (cod_pin, id_curier, id_furnizor, id_punct_ridicare, greutate, nume_destinatar, valoare_totala, stare_colet)
VALUES ('NOP012', 14, 14, 14, 3.7, 'Violeta Dumitriu', 190.80, 'livrat');

INSERT INTO Colet (cod_pin, id_curier, id_furnizor, id_punct_ridicare, greutate, nume_destinatar, valoare_totala, stare_colet)
VALUES ('QRS345', 15, 15, 15, 4.6, 'Ionel Munteanu', 210.90, 'returnat');

INSERT INTO Colet (cod_pin, id_curier, id_furnizor, id_punct_ridicare, greutate, nume_destinatar, valoare_totala, stare_colet)
VALUES ('TUV678', 16, 16, 16, 6.0, 'Marina Stanciu', 250.60, 'in livrare');

INSERT INTO Colet (cod_pin, id_curier, id_furnizor, id_punct_ridicare, greutate, nume_destinatar, valoare_totala, stare_colet)
VALUES ('WXY901', 17, 17, 17, 2.1, 'Cristina Ilie', 140.00, 'in pregatire');

INSERT INTO Colet (cod_pin, id_curier, id_furnizor, id_punct_ridicare, greutate, nume_destinatar, valoare_totala, stare_colet)
VALUES ('ZAB234', 18, 18, 18, 3.3, 'Stefan Dumitrascu', 160.30, 'in depozit');

INSERT INTO Colet (cod_pin, id_curier, id_furnizor, id_punct_ridicare, greutate, nume_destinatar, valoare_totala, stare_colet)
VALUES ('CDE567', 19, 19, 19, 4.2, 'Mihai Popa', 220.00, 'livrat');

INSERT INTO Colet (cod_pin, id_curier, id_furnizor, id_punct_ridicare, greutate, nume_destinatar, valoare_totala, stare_colet)
VALUES ('FGH890', 20, 20, 20, 5.4, 'Ion Constantin', 250.00, 'returnat');

INSERT INTO Colet (cod_pin, id_curier, id_furnizor, id_punct_ridicare, greutate, nume_destinatar, valoare_totala, stare_colet)
VALUES ('IJK123', 21, 21, 21, 2.8, 'Daniela Calin', 200.50, 'in pregatire');

INSERT INTO Colet (cod_pin, id_curier, id_furnizor, id_punct_ridicare, greutate, nume_destinatar, valoare_totala, stare_colet)
VALUES ('LMN456', 22, 22, 22, 3.4, 'Livia Popescu', 180.75, 'in livrare');

INSERT INTO Colet (cod_pin, id_curier, id_furnizor, id_punct_ridicare, greutate, nume_destinatar, valoare_totala, stare_colet)
VALUES ('OPQ789', 23, 23, 23, 4.1, 'George Mihaila', 210.60, 'in depozit');

INSERT INTO Colet (cod_pin, id_curier, id_furnizor, id_punct_ridicare, greutate, nume_destinatar, valoare_totala, stare_colet)
VALUES ('RST012', 24, 24, 24, 5.0, 'Ioana Nistor', 230.90, 'livrat');

INSERT INTO Colet (cod_pin, id_curier, id_furnizor, id_punct_ridicare, greutate, nume_destinatar, valoare_totala, stare_colet)
VALUES ('UVW345', 25, 25, 25, 2.6, 'Lucian Stoica', 195.50, 'returnat');

INSERT INTO Colet (cod_pin, id_curier, id_furnizor, id_punct_ridicare, greutate, nume_destinatar, valoare_totala, stare_colet)
VALUES ('XYZ678', 26, 26, 26, 6.3, 'Ionut Marin', 210.80, 'in livrare');

INSERT INTO Colet (cod_pin, id_curier, id_furnizor, id_punct_ridicare, greutate, nume_destinatar, valoare_totala, stare_colet)
VALUES ('ABC999', 27, 27, 27, 3.5, 'Alexandra Ionescu', 185.90, 'in pregatire');

INSERT INTO Colet (cod_pin, id_curier, id_furnizor, id_punct_ridicare, greutate, nume_destinatar, valoare_totala, stare_colet)
VALUES ('DEF111', 15, 21, 22, 2.9, 'Simona Munteanu', 175.00, 'in depozit');

INSERT INTO Colet (cod_pin, id_curier, id_furnizor, id_punct_ridicare, greutate, nume_destinatar, valoare_totala, stare_colet)
VALUES ('GHI222', 2, 12, 4, 4.0, 'Oana Andrei', 220.40, 'livrat');

INSERT INTO Colet (cod_pin, id_curier, id_furnizor, id_punct_ridicare, greutate, nume_destinatar, valoare_totala, stare_colet)
VALUES ('JKL333', 30, NULL, 30, 5.1, 'Mihai Florescu', 240.00, 'returnat');

INSERT INTO Colet (cod_pin, id_curier, id_furnizor, id_punct_ridicare, greutate, nume_destinatar, valoare_totala, stare_colet)
VALUES ('LMN567', 1, 15, 20, 2.3, 'Cristina Matei', 150.20, 'in livrare');

INSERT INTO Colet (cod_pin, id_curier, id_furnizor, id_punct_ridicare, greutate, nume_destinatar, valoare_totala, stare_colet)
VALUES ('OPQ678', 2, 5, 13, 3.5, 'Stefan Radu', 210.50, 'in pregatire');

INSERT INTO Colet (cod_pin, id_curier, id_furnizor, id_punct_ridicare, greutate, nume_destinatar, valoare_totala, stare_colet)
VALUES ('RST789', 3, 7, 19, 4.0, 'Irina Dumitrescu', 175.30, 'in depozit');

INSERT INTO Colet (cod_pin, id_curier, id_furnizor, id_punct_ridicare, greutate, nume_destinatar, valoare_totala, stare_colet)
VALUES ('TUV890', 4, 12, 2, 2.9, 'Florin Ilie', 200.00, 'livrat');

INSERT INTO Colet (cod_pin, id_curier, id_furnizor, id_punct_ridicare, greutate, nume_destinatar, valoare_totala, stare_colet)
VALUES ('XYZ123', 5, 20, 17, 5.2, 'Monica Popescu', 250.75, 'returnat');

INSERT INTO Colet (cod_pin, id_curier, id_furnizor, id_punct_ridicare, greutate, nume_destinatar, valoare_totala, stare_colet)
VALUES ('ABC234', 6, 9, 5, 4.5, 'Ion Petrescu', 180.90, 'in livrare');

INSERT INTO Colet (cod_pin, id_curier, id_furnizor, id_punct_ridicare, greutate, nume_destinatar, valoare_totala, stare_colet)
VALUES ('DEF345', 7, 18, 8, 6.0, 'Maria Gheorghe', 220.40, 'in pregatire');

INSERT INTO Colet (cod_pin, id_curier, id_furnizor, id_punct_ridicare, greutate, nume_destinatar, valoare_totala, stare_colet)
VALUES ('GHI456', 8, 4, 25, 2.7, 'Nicolae Ionescu', 160.25, 'in depozit');

INSERT INTO Colet (cod_pin, id_curier, id_furnizor, id_punct_ridicare, greutate, nume_destinatar, valoare_totala, stare_colet)
VALUES ('JKL567', 9, 10, 3, 3.6, 'Elena Stan', 210.80, 'livrat');

INSERT INTO Colet (cod_pin, id_curier, id_furnizor, id_punct_ridicare, greutate, nume_destinatar, valoare_totala, stare_colet)
VALUES ('MNO678', 10, 8, 9, 2.4, 'Andrei Dima', 180.60, 'returnat');

INSERT INTO Colet (cod_pin, id_curier, id_furnizor, id_punct_ridicare, greutate, nume_destinatar, valoare_totala, stare_colet)
VALUES ('PQR789', 11, 3, 12, 5.3, 'Lavinia Balan', 230.90, 'in livrare');

INSERT INTO Colet (cod_pin, id_curier, id_furnizor, id_punct_ridicare, greutate, nume_destinatar, valoare_totala, stare_colet)
VALUES ('STU890', 12, 14, 10, 3.9, 'Adrian Pop', 200.50, 'in pregatire');

INSERT INTO Colet (cod_pin, id_curier, id_furnizor, id_punct_ridicare, greutate, nume_destinatar, valoare_totala, stare_colet)
VALUES ('VWX123', 13, 6, 4, 4.2, 'Gina Vlad', 220.00, 'in depozit');

INSERT INTO Colet (cod_pin, id_curier, id_furnizor, id_punct_ridicare, greutate, nume_destinatar, valoare_totala, stare_colet)
VALUES ('YZA234', 14, 17, 28, 2.6, 'Victor Alexandru', 160.30, 'livrat');

INSERT INTO Colet (cod_pin, id_curier, id_furnizor, id_punct_ridicare, greutate, nume_destinatar, valoare_totala, stare_colet)
VALUES ('BCD345', 15, 16, 23, 5.4, 'Irina Vasilescu', 190.80, 'returnat');

INSERT INTO Colet (cod_pin, id_curier, id_furnizor, id_punct_ridicare, greutate, nume_destinatar, valoare_totala, stare_colet)
VALUES ('EFG456', 16, 19, 21, 4.8, 'Lucian Nastase', 210.40, 'in livrare');

INSERT INTO Colet (cod_pin, id_curier, id_furnizor, id_punct_ridicare, greutate, nume_destinatar, valoare_totala, stare_colet)
VALUES ('HIJ567', 17, 13, 24, 3.7, 'Ion Saftoiu', 180.20, 'in pregatire');

INSERT INTO Colet (cod_pin, id_curier, id_furnizor, id_punct_ridicare, greutate, nume_destinatar, valoare_totala, stare_colet)
VALUES ('KLM678', 18, 2, 26, 5.0, 'Gabriel Paunescu', 220.60, 'in depozit');

INSERT INTO Colet (cod_pin, id_curier, id_furnizor, id_punct_ridicare, greutate, nume_destinatar, valoare_totala, stare_colet)
VALUES ('NOP789', 19, 1, 27, 2.2, 'Mihai Dumitru', 160.10, 'livrat');

INSERT INTO Colet (cod_pin, id_curier, id_furnizor, id_punct_ridicare, greutate, nume_destinatar, valoare_totala, stare_colet)
VALUES ('QRS890', 20, 11, 18, 4.5, 'Dan Iacob', 210.30, 'returnat');

INSERT INTO Colet (cod_pin, id_curier, id_furnizor, id_punct_ridicare, greutate, nume_destinatar, valoare_totala, stare_colet)
VALUES ('TUV123', 21, 4, 11, 6.2, 'Oana Munteanu', 250.80, 'in livrare');

INSERT INTO Colet (cod_pin, id_curier, id_furnizor, id_punct_ridicare, greutate, nume_destinatar, valoare_totala, stare_colet)
VALUES ('WXY234', 22, 10, 14, 3.4, 'Ana Ionescu', 200.50, 'in pregatire');

INSERT INTO Colet (cod_pin, id_curier, id_furnizor, id_punct_ridicare, greutate, nume_destinatar, valoare_totala, stare_colet)
VALUES ('ZAB345', 23, 8, 30, 2.8, 'Florin Georgescu', 180.75, 'in depozit');

INSERT INTO Colet (cod_pin, id_curier, id_furnizor, id_punct_ridicare, greutate, nume_destinatar, valoare_totala, stare_colet)
VALUES ('CDE456', 24, 3, 16, 5.7, 'Simona Calin', 210.90, 'livrat');

INSERT INTO Colet (cod_pin, id_curier, id_furnizor, id_punct_ridicare, greutate, nume_destinatar, valoare_totala, stare_colet)
VALUES ('FGH567', 25, 24, 22, 4.1, 'Lucia Petrescu', 190.30, 'returnat');

INSERT INTO Colet (cod_pin, id_curier, id_furnizor, id_punct_ridicare, greutate, nume_destinatar, valoare_totala, stare_colet)
VALUES ('IJK678', 26, 27, 15, 6.0, 'Diana Tudor', 230.40, 'in livrare');

INSERT INTO Colet (cod_pin, id_curier, id_furnizor, id_punct_ridicare, greutate, nume_destinatar, valoare_totala, stare_colet)
VALUES ('LMN789', 27, 5, 20, 3.2, 'Mihail Rusu', 200.60, 'in pregatire');

INSERT INTO Colet (cod_pin, id_curier, id_furnizor, id_punct_ridicare, greutate, nume_destinatar, valoare_totala, stare_colet)
VALUES ('OPQ890', 28, 12, 13, 2.5, 'Gabriela Balan', 170.30, 'in depozit');

INSERT INTO Colet (cod_pin, id_curier, id_furnizor, id_punct_ridicare, greutate, nume_destinatar, valoare_totala, stare_colet)
VALUES ('RST123', 29, 7, 1, 4.0, 'Ioana Vasile', 220.80, 'livrat');

INSERT INTO Colet (cod_pin, id_curier, id_furnizor, id_punct_ridicare, greutate, nume_destinatar, valoare_totala, stare_colet)
VALUES ('TUV234', 30, 9, 8, 5.4, 'Constantin Pavel', 250.00, 'returnat');

INSERT INTO Colet (cod_pin, id_curier, id_furnizor, id_punct_ridicare, greutate, nume_destinatar, valoare_totala, stare_colet)
VALUES ('TUG234', NULL, NULL, NULL, 5.4, 'Constantin Pavel', 250.00, 'returnat');

INSERT INTO Colet (cod_pin, id_curier, id_furnizor, id_punct_ridicare, greutate, nume_destinatar, valoare_totala, stare_colet)
VALUES ('XYZ345', 3, 17, 10, 2.3, 'Gabriela Toma', 180.90, 'in livrare');

INSERT INTO Colet (cod_pin, id_curier, id_furnizor, id_punct_ridicare, greutate, nume_destinatar, valoare_totala, stare_colet)
VALUES ('UVW456', 3, 17, 10, 4.1, 'Marian Radu', 210.50, 'in livrare');

INSERT INTO Colet (cod_pin, id_curier, id_furnizor, id_punct_ridicare, greutate, nume_destinatar, valoare_totala, stare_colet)
VALUES ('BCD567', 4, 19, 13, 5.3, 'Ana Popa', 220.80, 'in depozit');

INSERT INTO Colet (cod_pin, id_curier, id_furnizor, id_punct_ridicare, greutate, nume_destinatar, valoare_totala, stare_colet)
VALUES ('CDE678', 4, 19, 13, 3.6, 'Vasile Balan', 190.30, 'in livrare');

INSERT INTO Colet (cod_pin, id_curier, id_furnizor, id_punct_ridicare, greutate, nume_destinatar, valoare_totala, stare_colet)
VALUES ('EFG789', 7, 8, 20, 2.5, 'Irina Marin', 170.60, 'in livrare');

INSERT INTO Colet (cod_pin, id_curier, id_furnizor, id_punct_ridicare, greutate, nume_destinatar, valoare_totala, stare_colet)
VALUES ('HIJ890', 7, 8, 20, 4.4, 'Cristian Georgescu', 200.10, 'in pregatire');

INSERT INTO Colet (cod_pin, id_curier, id_furnizor, id_punct_ridicare, greutate, nume_destinatar, valoare_totala, stare_colet)
VALUES ('KLM234', 9, 5, 15, 3.8, 'Florin Stoica', 180.20, 'in depozit');

INSERT INTO Colet (cod_pin, id_curier, id_furnizor, id_punct_ridicare, greutate, nume_destinatar, valoare_totala, stare_colet)
VALUES ('NOP345', 9, 5, 15, 2.9, 'Alina Mihailescu', 160.50, 'livrat');

INSERT INTO Colet (cod_pin, id_curier, id_furnizor, id_punct_ridicare, greutate, nume_destinatar, valoare_totala, stare_colet)
VALUES ('QRS456', 12, 6, 17, 5.1, 'Mihai Dinu', 220.90, 'in pregatire');

INSERT INTO Colet (cod_pin, id_curier, id_furnizor, id_punct_ridicare, greutate, nume_destinatar, valoare_totala, stare_colet)
VALUES ('TUV567', 12, 6, 17, 4.3, 'Oana Ilie', 210.40, 'in depozit');

INSERT INTO Colet (cod_pin, id_curier, id_furnizor, id_punct_ridicare, greutate, nume_destinatar, valoare_totala, stare_colet)
VALUES ('WXY678', 2, 7, 25, 3.2, 'Elena Constantinescu', 180.10, 'in livrare');

INSERT INTO Colet (cod_pin, id_curier, id_furnizor, id_punct_ridicare, greutate, nume_destinatar, valoare_totala, stare_colet)
VALUES ('ZAB789', 2, 7, 25, 2.5, 'Andreea Marin', 150.70, 'in retur');

INSERT INTO Colet (cod_pin, id_curier, id_furnizor, id_punct_ridicare, greutate, nume_destinatar, valoare_totala, stare_colet)
VALUES ('CDE890', 5, 10, 30, 5.0, 'Adrian Rusu', 210.60, 'in livrare');

INSERT INTO Colet (cod_pin, id_curier, id_furnizor, id_punct_ridicare, greutate, nume_destinatar, valoare_totala, stare_colet)
VALUES ('EFG223', 5, 10, 30, 4.7, 'Tudor Iliescu', 200.40, 'in depozit');

INSERT INTO Colet (cod_pin, id_curier, id_furnizor, id_punct_ridicare, greutate, nume_destinatar, valoare_totala, stare_colet)
VALUES ('HIJ234', 3, 19, 13, 3.9, 'Vlad Alexandru', 230.50, 'in pregatire');

INSERT INTO Colet (cod_pin, id_curier, id_furnizor, id_punct_ridicare, greutate, nume_destinatar, valoare_totala, stare_colet)
VALUES ('KLM345', 3, 19, 13, 2.6, 'Laura Popa', 180.80, 'returnat');

INSERT INTO Colet (cod_pin, id_curier, id_furnizor, id_punct_ridicare, greutate, nume_destinatar, valoare_totala, stare_colet)
VALUES ('NOP456', 4, 7, 20, 5.5, 'Ana Ionescu', 250.10, 'in livrare');

INSERT INTO Colet (cod_pin, id_curier, id_furnizor, id_punct_ridicare, greutate, nume_destinatar, valoare_totala, stare_colet)
VALUES ('QRS567', 4, 7, 20, 4.8, 'Doru Calinescu', 210.30, 'in depozit');

INSERT INTO Colet (cod_pin, id_curier, id_furnizor, id_punct_ridicare, greutate, nume_destinatar, valoare_totala, stare_colet)
VALUES ('TUV679', 1, 16, 25, 3.1, 'Valentina Marin', 190.70, 'in pregatire');

INSERT INTO Colet (cod_pin, id_curier, id_furnizor, id_punct_ridicare, greutate, nume_destinatar, valoare_totala, stare_colet)
VALUES ('WXY789', 1, 16, 25, 3.4, 'Ion Popescu', 210.90, 'in livrare');

INSERT INTO Colet (cod_pin, id_curier, id_furnizor, id_punct_ridicare, greutate, nume_destinatar, valoare_totala, stare_colet)
VALUES ('ZAB890', 9, 10, 17, 4.3, 'Florin Banica', 220.10, 'returnat');

INSERT INTO Colet (cod_pin, id_curier, id_furnizor, id_punct_ridicare, greutate, nume_destinatar, valoare_totala, stare_colet)
VALUES ('CDE123', NULL, 10, 17, 2.8, 'Mihail Iliescu', 180.60, 'in livrare');

INSERT INTO Colet (cod_pin, id_curier, id_furnizor, id_punct_ridicare, greutate, nume_destinatar, valoare_totala, stare_colet)
VALUES ('EFG234', 12, NULL, NULL, 5.2, 'Tiberiu Sima', 230.20, 'in depozit');

COMMIT;
